screen_name,id_str,created_at,coordinates,place,text,geo_location
StebsClutchShot,1154122881862971392,2019-07-24 20:15:12,,,"So, I survived a tornado yesterday. What did you do? #TornadoTuesday #MyLifeIsAverage https://t.co/bmnR8eHOUw",
BCBSMA,1154122777806479365,2019-07-24 20:14:47,,,"In response to recent severe storms and tornado activity on parts of Cape Cod, Blue Cross Blue Shield of Massachuse‚Ä¶ https://t.co/ZjBAL9SmTK",
wbznewsradio,1154122752628076544,2019-07-24 20:14:41,,,"NWS says the first tornado started as a waterspout that came ashore west of Kalmus just before noon, and caused ""si‚Ä¶ https://t.co/Kunr2AXAjF",
WGME,1154122749549469696,2019-07-24 20:14:40,,,Crazy video of a Tornado that swept through Cape Cod yesterday! A man working on a sailboat when a strong storm ble‚Ä¶ https://t.co/NIG8g84B70,
BreakinNewz01,1154122661439705089,2019-07-24 20:14:19,,,"JUST IN: 2 tornadoes touched down on Cape Cod Tuesday, NWS confirms https://t.co/D2vdUxJMiB https://t.co/QzjOH7HcYf",
WriteSparks,1154122600425107457,2019-07-24 20:14:05,,,"Today‚Äôs air conditioning was brought to us by... @HornimanMuseum üíö The tornado twins tore through every exhibition,‚Ä¶ https://t.co/TRAOHoHkZl",
supersnack,1154122541176279040,2019-07-24 20:13:51,,,"@natcassidy üòïya. hard to see how he's NOT, but that is also unfathomable given the obvious criminality. I'm lost da‚Ä¶ https://t.co/NIw9IPpoYR",
HobbsTheGamer,1154122502496542721,2019-07-24 20:13:41,,,@Basement__Games No the aliens made the rain fall that put out the flames and a tornado that drove the British  back,
selfcaregal1,1154122496771284992,2019-07-24 20:13:40,,,"5. Another myth about surviving a tornado is that you should open the windows in your home to ""equalize the pressur‚Ä¶ https://t.co/w62lnb3klH",
selfcaregal1,1154122493600370691,2019-07-24 20:13:39,,,"4. ¬†You may want to hide under a bridge or overpass for shelter during a tornado, but this is a big no no. Not only‚Ä¶ https://t.co/tneSaApwsp",
StarkStark74,1154122295742488577,2019-07-24 20:12:52,,,"33. I have lived in ""tornado alley"" most of my life, and I've never seen a tornado. I've missed a couple by about 30 minutes tho.",
ham__tornado,1154122005983064065,2019-07-24 20:11:43,,,@BeststudentGG @TriumphGamingGG Can't wait to watch!,
ColleenWNCN,1154121997032382464,2019-07-24 20:11:41,,,UPDATE: NWS in Raleigh confirms an EF-0 tornado hit this neighborhood yesterday. @WNCN https://t.co/9tus0hJ8vn,
ChikTam,1154121802542723073,2019-07-24 20:10:54,,,"Outrunning the spaceship. Nope, not Area 51 but Somewhere in Tornado Alley. #storm #stormchase https://t.co/Y08an207pm",
kelli__green,1154121628634222592,2019-07-24 20:10:13,,,and it's a force of nature that will destroy you like a tornado does to a trailer park. https://t.co/crq4co2JkY,
thebrkg,1154121622829318151,2019-07-24 20:10:12,,,RAW VIDEO: Mississippi Man NARROWLY Escapes Falling Tree During Tornado -  https://t.co/nSEsoVrEwf¬†‚Ä¶https://t.co/hEYO7v1cWA,
JamesMi31934812,1154121482701852672,2019-07-24 20:09:38,,,@realDonaldTrump Truth is a Trump tornado blowing through Washington DC.,
Pagramma148,1154121424799506432,2019-07-24 20:09:24,,,"@realDonaldTrump Yes, like a very bad hurricane and tornado in one.  Damaging everything it its path.  But, those s‚Ä¶ https://t.co/bsZhSjvbvw",
Extreme_Wx,1154121408445898753,2019-07-24 20:09:20,,"Place(_api=<tweepy.api.API object at 0x10f0244e0>, id='63095f3b4e4dfb3c', url='https://api.twitter.com/1.1/geo/id/63095f3b4e4dfb3c.json', place_type='city', name='Alma', full_name='Alma, AR', country_code='US', country='United States', contained_within=[], bounding_box=BoundingBox(_api=<tweepy.api.API object at 0x10f0244e0>, type='Polygon', coordinates=[[[-94.275226, 35.4628977], [-94.1892317, 35.4628977], [-94.1892317, 35.522927], [-94.275226, 35.522927]]]), attributes={})","A slow motion video of the Jay, OK tornado this year that I chased at night, reporting it to local authorities, and‚Ä¶ https://t.co/C5gMrMF09j",
LEAHNFJK,1154121359724875776,2019-07-24 20:09:09,,,my mom looked at me and said ‚Äúplay that song that says a tornado came into my room and blew all of my stuff around‚Äù,
michaelefahey,1154121300002164736,2019-07-24 20:08:55,,,#BREAKING Two high end EF-1 tornadoes were confirmed on Cape Cod yesterday w/ maximum wind speed of 110 mph. The da‚Ä¶ https://t.co/NEKbvgI5QJ,
PichuTG,1154121238421417984,2019-07-24 20:08:40,,,@tornado_giggles nigga who says Im not,
bensimmoneau,1154121150097756163,2019-07-24 20:08:19,,,Final Report from @NWSBoston about yesterday's tornado. The same storm actually produced 2 tornadoes. #WCVB https://t.co/hLFrm76uYL,
TevinWooten,1154121126773252096,2019-07-24 20:08:13,,,As alluded to this morning with @JimCantore (a two tornado event on Cape Cod Tuesday). https://t.co/miUGkYNIen,
romain_quenon,1154121062487121927,2019-07-24 20:07:58,,,@UnusualQuesti0n Blue tornado at Gardaland in Italy,
WX_MarkyMark,1154121035408662528,2019-07-24 20:07:52,,,Incredible footage of the EF-1 tornado in Massachusetts yesterday. #mawx https://t.co/AZfd4s2CRy,
JanetWuNews,1154120943272386561,2019-07-24 20:07:30,,"Place(_api=<tweepy.api.API object at 0x10f0244e0>, id='67b98f17fdcf20be', url='https://api.twitter.com/1.1/geo/id/67b98f17fdcf20be.json', place_type='city', name='Boston', full_name='Boston, MA', country_code='US', country='United States', contained_within=[], bounding_box=BoundingBox(_api=<tweepy.api.API object at 0x10f0244e0>, type='Polygon', coordinates=[[[-71.191421, 42.227797], [-70.986004, 42.227797], [-70.986004, 42.399542], [-71.191421, 42.399542]]]), attributes={})",Tune in now to @bloombergbaybiz for the latest $FB $Tesla earnings plus the latest aftermath of the Cape Tornado. W‚Ä¶ https://t.co/ERehM28sOp,
ericfisher,1154120915283787777,2019-07-24 20:07:23,,,A path of 5.52  miles is the longest tracked tornado on record for Cape Cod. #wbz https://t.co/MXlqYnUnku,
NECN,1154120897583878144,2019-07-24 20:07:19,,,"JUST IN: 2 tornadoes touched down on Cape Cod Tuesday, NWS confirms https://t.co/hPZE0Tsn1D https://t.co/sjc2Z6R0Rv",
nicknbcboston,1154120849915633669,2019-07-24 20:07:07,,,"TWO Tornadoes Touched Down on Cape Cod, NWS Says as Cleanup Continues  https://t.co/8IeuREUwMz",
MelogranaPhoto,1154120617844793344,2019-07-24 20:06:12,,,"Kane Swaney, of the Celina Fire Department, throws debris up onto the retaining wall Wednesday in the Wheatland Acr‚Ä¶ https://t.co/FfngGKczc9",
SongDespins,1154120585611362304,2019-07-24 20:06:04,,,#tornado struck north of Waskatenau at 1400h.  It's receded already but it looks like it will again. https://t.co/anEVGDorBR,
ChrisGNBCBoston,1154120359924371461,2019-07-24 20:05:10,,,"Tornado 2: Harwich to Harwich 2.77 mile path, 250 yards wind... 110 MPH winds. https://t.co/lmgVyWt56g",
NBC10Boston,1154120348222337026,2019-07-24 20:05:08,,,#BREAKING: NWS confirms 2 tornadoes touched down on Cape Cod Tuesday https://t.co/14Tz5DBDAg,
RogerWMTW,1154120289661403138,2019-07-24 20:04:54,,,"From NWS Boston .. ""Two high end EF-1 tornadoes were confirmed on Cape Cod yesterday w/ maximum wind speed of 110 m‚Ä¶ https://t.co/uiExynoMob",
monsoonwalker,1154120229351501826,2019-07-24 20:04:39,,,"unrestrained;
talkative;
discrimination;
stubborn;
dreary;
persecution for political beliefs;
impatient;
resentful;
maxmimalist;
tornado-D8",
ChrisGNBCBoston,1154120133327151109,2019-07-24 20:04:16,,,Tornado 1 from Kalmis MA to South Yarmouth - path 5.52 miles... 110 MPH winds. 250 yards wide. On ground from 11:57‚Ä¶ https://t.co/AME5qJWUlQ,
iembot_rah,1154120004993990658,2019-07-24 20:03:46,"{'type': 'Point', 'coordinates': [-78.74, 35.59]}","Place(_api=<tweepy.api.API object at 0x10f0244e0>, id='3b98b02fba3f9753', url='https://api.twitter.com/1.1/geo/id/3b98b02fba3f9753.json', place_type='admin', name='North Carolina', full_name='North Carolina, USA', country_code='US', country='United States', contained_within=[], bounding_box=BoundingBox(_api=<tweepy.api.API object at 0x10f0244e0>, type='Polygon', coordinates=[[[-84.3219475, 33.752879], [-75.40012, 33.752879], [-75.40012, 36.588118], [-84.3219475, 36.588118]]]), attributes={})","At 2:34 PM EDT, 3 E Fuquay-Varina [Wake Co, NC] NWS STORM SURVEY reports TORNADO. A BRIEF TORNADO TOUCHDOWN OCCURRE‚Ä¶ https://t.co/1QwSyRyzQt","{'type': 'Point', 'coordinates': [35.59, -78.74]}"
greeenorg,1154119923347742720,2019-07-24 20:03:26,,,Gov. to Seek Disaster Declaration for Cape Cod Tornado - https://t.co/caqhJhzpRv,
amazingcc,1154119881610027008,2019-07-24 20:03:16,,,"@realDonaldTrump Hey Bro, you ever seen a tornado? Or a woman when she catches you checking out another honey? Or a‚Ä¶ https://t.co/T9yXwEtCc2",
Kellen_Browning,1154119864723955715,2019-07-24 20:03:12,,"Place(_api=<tweepy.api.API object at 0x10f0244e0>, id='32bcaa0873310167', url='https://api.twitter.com/1.1/geo/id/32bcaa0873310167.json', place_type='city', name='Northwest Harwich', full_name='Northwest Harwich, MA', country_code='US', country='United States', contained_within=[], bounding_box=BoundingBox(_api=<tweepy.api.API object at 0x10f0244e0>, type='Polygon', coordinates=[[[-70.134147, 41.654913], [-70.06522, 41.654913], [-70.06522, 41.726046], [-70.134147, 41.726046]]]), attributes={})","After the tornado, Linda Boyle, 67, did the only thing that made sense ‚Äî go to a restaurant to celebrate‚Ä¶ https://t.co/iStUUbfCkB",
TimmyMieldezis,1154119615338962945,2019-07-24 20:02:13,,,"Human rights, socialism 

Tomato, tornado

Or something like that I guess. https://t.co/JRGIeAjpkO",
drjustinimel,1154119582392696832,2019-07-24 20:02:05,,,"Rare tornado strikes Cape Cod, Massachusetts | Dr. Justin Imel, Sr. https://t.co/n07z2utvfP",
NWSBoston,1154119467468595200,2019-07-24 20:01:38,,,[BREAKING] Two high end EF-1 tornadoes were confirmed on Cape Cod yesterday w/ maximum wind speed of 110 mph. The d‚Ä¶ https://t.co/StmhjQc2CA,
drgilwatson,1154119455980642304,2019-07-24 20:01:35,,,We are in Cape Cod. One day after the tornado. We still have no power but some of the shops are open. Note the tree‚Ä¶ https://t.co/0j2Yzsw7SL,
Ryanraichu661,1154119448992739329,2019-07-24 20:01:33,,,@ESF1_ROB @KindKirbyy Finally someone who like tornado better than wheel,
KimWBZ,1154119415958556673,2019-07-24 20:01:25,,,.@MassGovernor says the greatest challenge on the Cape is getting enough resources on the ground to clean up the th‚Ä¶ https://t.co/ytoLlb1yLJ,
ImpalerGarg,1154119401702137856,2019-07-24 20:01:22,,,"@realDonaldTrump Sooo, will it be a tornado or tsunami that takes you away from us #DerangedDonald ?",
wendolynxoxo,1154119398262812674,2019-07-24 20:01:21,,,"@_PlayOverwatch @ham__tornado Alexa, google how to delete other peoples tweets",
carriagehousein,1154119338477215744,2019-07-24 20:01:07,"{'type': 'Point', 'coordinates': [-69.96027778, 41.68194444]}","Place(_api=<tweepy.api.API object at 0x10f0244e0>, id='007612b47e6f836b', url='https://api.twitter.com/1.1/geo/id/007612b47e6f836b.json', place_type='city', name='Chatham', full_name='Chatham, MA', country_code='US', country='United States', contained_within=[], bounding_box=BoundingBox(_api=<tweepy.api.API object at 0x10f0244e0>, type='Polygon', coordinates=[[[-70.038436, 41.66068], [-69.945158, 41.66068], [-69.945158, 41.71547], [-70.038436, 41.71547]]]), attributes={})","Goodbye Tornado, Hello Perfect Beachh weather day!  #dogsofcapecod #chatham #capecodinn @ Chatham, Massachusetts https://t.co/RQrbmiMZlN","{'type': 'Point', 'coordinates': [41.68194444, -69.96027778]}"
Laighe,1154119253068525568,2019-07-24 20:00:47,,,@TranslateRealDT @realDonaldTrump I'm hoping a tornado of truth will spin üçÑ right out of the White House.,
gerebi_kincaid,1154119232432594957,2019-07-24 20:00:42,,,@delgeo1 Im going to be thinking about this for the next tornado üòÇ üòò,
KatrinaKNews,1154119216817233920,2019-07-24 20:00:38,,,#TORNADO IMPACT: Will the Cape Cod tornado impact local businesses and tourism? 22News spoke to one business owner‚Ä¶ https://t.co/YXQyOsp9Za,
GABkicksass,1154119165239681024,2019-07-24 20:00:26,,"Place(_api=<tweepy.api.API object at 0x10f0244e0>, id='737fcb9daae404ac', url='https://api.twitter.com/1.1/geo/id/737fcb9daae404ac.json', place_type='city', name='Boise', full_name='Boise, ID', country_code='US', country='United States', contained_within=[], bounding_box=BoundingBox(_api=<tweepy.api.API object at 0x10f0244e0>, type='Polygon', coordinates=[[[-116.374494, 43.510172], [-116.101508, 43.510172], [-116.101508, 43.685894], [-116.374494, 43.685894]]]), attributes={})",@jimkohl @realDonaldTrump He hides from it like one hides in the cellar during a tornado warning,
iembot_box,1154119079675990018,2019-07-24 20:00:05,,,"BOX issues Public Information Statement (PNS) at Jul 24, 3:59 PM EDT ...NWS DAMAGE SURVEY FOR 07/23/19 TORNADO EVEN‚Ä¶ https://t.co/6iF3TZfPBI",
WOWT6News,1154119062030622721,2019-07-24 20:00:01,,,"""Terrified,‚Äù Mya said. ""I thought I was going to blow away. I was just crying.‚Äù  https://t.co/8FiqamNm9r",
tornado_talk,1154119058201153536,2019-07-24 20:00:00,,,Details on yesterday‚Äôs #tornado and straight line wind damage in Cape Cod!  #mawx https://t.co/C05LZnclgn,
tonysho19887106,1154119005797539842,2019-07-24 19:59:48,,,@realDonaldTrump An F5 tornado üå™ descending  on the Democrats!,
River_Tornado,1154118962768039936,2019-07-24 19:59:37,,,@KSchroeder_312 @calstampeders It would scare the adults too.,
SFAgentHunter1,1154118939930005504,2019-07-24 19:59:32,,,"Be Ready Tip: Heavy blankets or an old mattress can help protect you from flying debris if a tornado hits, so keep‚Ä¶ https://t.co/iKn65B7wSj",
leahlenoresmith,1154118937489158145,2019-07-24 19:59:31,,,@MollyJongFast Then he's in the middle of tornado hurricane tsunami cyclone and a snowstorm all at once.,
Jennifer_Eagan,1154118909710209024,2019-07-24 19:59:25,,,Coming up on #WCVB the latest on the tornado damage in #Harwich and when Eversource believes lose will be back on for everyone.,
panarin_misha,1154118909102047237,2019-07-24 19:59:25,,,@Cox_Box_Tornado I started rewatching it out of pure teen nostalgia some months back and tbh it mostly holds up. It‚Ä¶ https://t.co/VEDhKE6Rib,
Sara_HeartStory,1154118891582492674,2019-07-24 19:59:20,,,@jcookwriter It was scary. I was on edge until my mom called me to say they were OK. I think the tornado passed wit‚Ä¶ https://t.co/aGO0cyz1aj,
SpeakerDeLeo,1154118666860007424,2019-07-24 19:58:27,,,"My thoughts are with the Cape Cod communities recovering from 
yesterday‚Äôs devastating tornado. As the recovery unf‚Ä¶ https://t.co/4PjR7EnMkp",
jsrafuse_art,1154118603702198273,2019-07-24 19:58:12,,,"‚ÄúThat‚Äôs making the fires hotter and more dangerous, especially when they produce pyrocumulonimbus clouds‚Äîtowering c‚Ä¶ https://t.co/sQMO4GIr8n",
BrittanyABC11,1154118477231329286,2019-07-24 19:57:42,,,The @NWSRaleigh confirms an EF-0 tornado touched down in Willow Springs yesterday. An EF-1 tornado also touched dow‚Ä¶ https://t.co/LIKuL412BY,
Cox_Box_Tornado,1154118390522556416,2019-07-24 19:57:21,,,"@panarin_misha Man, I kinda miss Bleach",
cher1511,1154118349103648768,2019-07-24 19:57:11,,,Tornado hits Cape Cod as thunderstorms break the heat https://t.co/vxM4I7kdLq via @MailOnline,
PlaysGore,1154118329289674752,2019-07-24 19:57:06,,,"I was just in the men's room at my psychiatrist's office and it looked like a tornado used the toilet last, come on dudes?!?!",
SharkyGreen,1154118178600960000,2019-07-24 19:56:30,,"Place(_api=<tweepy.api.API object at 0x10f0244e0>, id='0134e6167ff7f6ec', url='https://api.twitter.com/1.1/geo/id/0134e6167ff7f6ec.json', place_type='city', name='Summerlin South', full_name='Summerlin South, NV', country_code='US', country='United States', contained_within=[], bounding_box=BoundingBox(_api=<tweepy.api.API object at 0x10f0244e0>, type='Polygon', coordinates=[[[-115.355825, 36.082837], [-115.314862, 36.082837], [-115.314862, 36.1590808], [-115.355825, 36.1590808]]]), attributes={})","@HeatherNews3LV I love it! I grew up in tornado Kansas, then I was in @usairforce my Basic Training was during the‚Ä¶ https://t.co/x74kjs9UgV",
searchgirl40,1154118051408666624,2019-07-24 19:56:00,,,"A swashbuckling management style may be trendy in some industries, but it takes strategy to deal with it daily when‚Ä¶ https://t.co/C6ujxuyrw9",
JohnLeo48765381,1154118001534427138,2019-07-24 19:55:48,,,Winds rip roof off hotel as rare tornado hits Cape Cod - CBS News https://t.co/QNInnC78Je via @GoogleNews,
mitchib1440,1154117932986904576,2019-07-24 19:55:32,,,"@TheVashaun We only have little thunder storms in the UK. Never seen a tornado, never seen a cyclone, never seen a‚Ä¶ https://t.co/S3Qb1NKA8e",
iembot_rah,1154117708587425792,2019-07-24 19:54:38,,,"RAH issues Public Information Statement (PNS) at Jul 24, 3:54 PM EDT ...NWS DAMAGE SURVEY FOR WILLOW SPRING TORNADO‚Ä¶ https://t.co/GUP8ewzq8v",
TA_Cares,1154117629436542976,2019-07-24 19:54:19,,,"A swift-moving wildfire prompted the evacuation of non-essential personnel from INL facilities in Idaho, and the NW‚Ä¶ https://t.co/jzhEh9DPpY",
Rick_see,1154117600567275520,2019-07-24 19:54:13,,,@realDonaldTrump Like a deadly tornado.  Everything you touch turns to shit.,
Lance62243339,1154117186186858510,2019-07-24 19:52:34,,,@ChatByCC @realDonaldTrump Like a tornado or hurricane or tropical depression.... https://t.co/SnfSiODYF1,
drkirstenw,1154117097955500032,2019-07-24 19:52:13,,,@realDonaldTrump And like a man in a tornado you hid in the cellar from it.,
Greencastellan,1154117094625013760,2019-07-24 19:52:12,,,Still no power after tornado yesterday.....damn fridge had to be dumped ;-;,
ham__tornado,1154116910067396608,2019-07-24 19:51:28,,,"What goes on behind the scenes in the making of a Boopasaurus? 

Definitely worth watching this great interview by‚Ä¶ https://t.co/AmQJcGUwZO",
305Pirate,1154116810721124358,2019-07-24 19:51:04,,"Place(_api=<tweepy.api.API object at 0x10f0244e0>, id='0061242d5cb078dc', url='https://api.twitter.com/1.1/geo/id/0061242d5cb078dc.json', place_type='city', name='Ellenton', full_name='Ellenton, FL', country_code='US', country='United States', contained_within=[], bounding_box=BoundingBox(_api=<tweepy.api.API object at 0x10f0244e0>, type='Polygon', coordinates=[[[-82.549081, 27.509901], [-82.453485, 27.509901], [-82.453485, 27.5761863], [-82.549081, 27.5761863]]]), attributes={})","@realDonaldTrump Yes - yes it is

And you are being swallowed by a TORNADO-Hurricane-Tsunami of it

#MuellerHearings #TrumpIsAFelon",
Rblou78,1154116766366236673,2019-07-24 19:50:54,,,@TeciaTorres @ufc That‚Äôs some hard work!!! Go tiny tornado!!!!! üå™,
RyleeIsSleepy,1154116738327486464,2019-07-24 19:50:47,,,@realDonaldTrump Spin is not truth but it does go round and round like a tornado.,
Ruthann6171,1154116596580982786,2019-07-24 19:50:13,,,@realDonaldTrump If that was true you‚Äôd be buried under a double wide by a Tornado.,
BostonGlobe,1154116553283121152,2019-07-24 19:50:03,,,Governor Charlie Baker said Wednesday that state officials will seek a federal disaster declaration to support reco‚Ä¶ https://t.co/IbVLxLIMS4,
drjustinimel,1154116460026793984,2019-07-24 19:49:41,,,"Rare tornado strikes Cape Cod, Massachusetts https://t.co/n07z2uL67n",
hexeducation,1154116396210634755,2019-07-24 19:49:25,,,"@realDonaldTrump It is. Sometimes it‚Äôs fast, like a tornado. In your case, it‚Äôs like water. It will etch itself in‚Ä¶ https://t.co/qbOmqy7G7R",
boston25,1154116303503970305,2019-07-24 19:49:03,,,Gov. Baker to seek disaster declaration for Cape Cod tornado https://t.co/UHTx4smjRV,
sunnygirl0531,1154115847566311425,2019-07-24 19:47:15,,"Place(_api=<tweepy.api.API object at 0x10f0244e0>, id='cd003ebe3a96fcc6', url='https://api.twitter.com/1.1/geo/id/cd003ebe3a96fcc6.json', place_type='city', name='Haarlemmermeer', full_name='Haarlemmermeer, Nederland', country_code='NL', country='The Netherlands', contained_within=[], bounding_box=BoundingBox(_api=<tweepy.api.API object at 0x10f0244e0>, type='Polygon', coordinates=[[[4.5505577, 52.2144875], [4.8191001, 52.2144875], [4.8191001, 52.3863713], [4.5505577, 52.3863713]]]), attributes={})",A Mississippi Tornado Left Our Hope Animal Sanctuary in Ruins! https://t.co/82LjDrJurY,
P_saltatrix5446,1154115727751823360,2019-07-24 19:46:46,,,"@BarnacoatWBZ @ericfisher @wbz @sarahwroblewski @ritchotte Yes, @sarahwroblewski did an excellent job. Watched the‚Ä¶ https://t.co/jN8UNJ1eMJ",
PaPaShArMFbI,1154115592812548096,2019-07-24 19:46:14,,,High winds rip roof off hotel as rare tornado strikes Massachusetts' Cape Cod https://t.co/1xdkFsNkhm via @CBSNews,
lyrah_s,1154115472402583552,2019-07-24 19:45:45,,,"Ok, I've tried to be the lady I was raised to be, but that hearing was a trainwreck in the middle of a hurricane, e‚Ä¶ https://t.co/3uMxwYWbbW",
Dan_Hamell,1154115396481572864,2019-07-24 19:45:27,,,@realDonaldTrump The shit tornado that flies out of your mouth every time it opens has NOTHING to do with nature!,
TLavigneWx,1154115223651069957,2019-07-24 19:44:46,,,@PeteNBCBoston The video exhibits that peeling as well. Plus theres no sight of the tornado on those videos either.‚Ä¶ https://t.co/ONdx9cWcj9,
Livingbyjill,1154114909531246594,2019-07-24 19:43:31,,,@realDonaldTrump And Republicans are hoping if they just turn off the tornado sirens everything will be fine,
therivetgroup,1154114888890847232,2019-07-24 19:43:26,,,"A swashbuckling management style may be trendy in some industries, but it takes strategy to deal with it daily when‚Ä¶ https://t.co/krETKMKTMe",
JoyfullyDazed,1154114873095311360,2019-07-24 19:43:22,,,"@realDonaldTrump #MuellerHearing #MuellerTime ,

Yes, it is, Donnie, and today it was a tornado that blew a hole in‚Ä¶ https://t.co/L64IbTm8NZ",
cryptics,1154114839880642560,2019-07-24 19:43:14,,,@mildevv my only cake went to the tornado,
tornado_giggles,1154114642123350017,2019-07-24 19:42:27,,,@PichuTG Just be gay,
stuartlowman,1154114567250882560,2019-07-24 19:42:09,,,Manage the disruptor boss - The Wall Street Journal - https://t.co/65hNG1muDP,
KuntryCoolBreeZ,1154114555049578496,2019-07-24 19:42:06,,,@whittweetsit And we wonder why there‚Äôs so many hyper sexual and hyper violent black men. We‚Äôre forced to bottle up‚Ä¶ https://t.co/OuEft5rYZc,
k_proberts,1154114552201695232,2019-07-24 19:42:06,,,@RealPressSecBot And @realDonaldTrump is facing an F5 tornado of truth.,
captainclaude,1154114538695905280,2019-07-24 19:42:03,,,@ComicPrintingUK swear to god i thought she's been sucked away in a tornado and become some kind of wicked witch,
Didier_Wx,1154114529795727360,2019-07-24 19:42:00,,,"@205mph No, the tornado warned one was a week after that roughly and was for the northern extremity of sunbury coun‚Ä¶ https://t.co/9PGv0BITiR",
s_doncaster14,1154114480202309632,2019-07-24 19:41:49,,,@FedEx if you god damn block the road once more in this island that just got rocked by a tornado and there is barel‚Ä¶ https://t.co/c3aRBEvCas,
HolesomeGay,1154114459444502528,2019-07-24 19:41:44,,,Hopefully more forces of nature take your supporters out. This tornado and hurricane season has been lame. https://t.co/4s520WrwFH,
notreallykeith,1154114369262936064,2019-07-24 19:41:22,,,"@realDonaldTrump It must be a tornado, and it blew you to Oz.",
NEFireChiefs,1154114179105796097,2019-07-24 19:40:37,,,"On 7/24/08 a #tornado left a path of destruction 50 miles long across NH, leaving one dead and a million+ dollars o‚Ä¶ https://t.co/GMsU6TIm5y",
americatheugly1,1154114177256108032,2019-07-24 19:40:36,,,"@realDonaldTrump DONALD J TRUMP IS A FORCE OF NATURE! 

A TORNADO THAT WILL BREAK THE LEVY THAT DRAINS THE SWAMP!‚Ä¶ https://t.co/w85NtVknQ1",
977thebeat,1154114038957334530,2019-07-24 19:40:03,,,"The EF-1 tornado, with winds up to 110 miles per hour, touched down in Yarmouth and Harwich.
https://t.co/v51twobtkf",
sara_nakamine,1154113987803582467,2019-07-24 19:39:51,,,And a tornado of truth is headed your way. Hold onto your wig. https://t.co/FeFPBllycu,
Tornado_Central,1154113925589299200,2019-07-24 19:39:36,,,Flood Warning issued July 24 at 9:44AM CDT until further notice by NWS https://t.co/FXBnVcXbI1,
Tornado_Central,1154113924381302785,2019-07-24 19:39:36,,,Flood Warning issued July 24 at 9:44AM CDT until further notice by NWS https://t.co/2GIntp4uRx,
Tornado_Central,1154113923265597440,2019-07-24 19:39:36,,,Flood Warning issued July 24 at 9:33AM CDT until further notice by NWS https://t.co/jnDVbbqimI,
NH_HSEM,1154113778038034432,2019-07-24 19:39:01,,,"On 7/24/08 a #tornado left a path of destruction 50 miles long across NH, leaving one dead and a million+ dollars o‚Ä¶ https://t.co/8d1h3PCQ5m",
Cox_Box_Tornado,1154113587352408067,2019-07-24 19:38:16,,,None of this matters if Pelosi won't impeach. Just empty theater for rubes who think that Mueller is going to cuff‚Ä¶ https://t.co/JErbCcHW8e,
CrazyRalph1980,1154113497866866689,2019-07-24 19:37:54,,,@McCullochF13 @GarrisSheriff That's the flimsiest shit I've ever heard! If the national weather service warns you o‚Ä¶ https://t.co/JSoKjqT8j2,
CrimsonAndTeal,1154113453990318082,2019-07-24 19:37:44,,,"Mike just helped every single one of them get it off their chests cos they were all thinking it ü§£ü§£
Whew! The fake l‚Ä¶ https://t.co/WUBiTIZobp",
Ginger_Tornado,1154113439016640519,2019-07-24 19:37:40,,,Just as an update I'm currently eating homemade strawberry sorbet while a pigeon eats the leftover frozen strawberr‚Ä¶ https://t.co/TcESrYMu7c,
Fettuccin1,1154113416954634241,2019-07-24 19:37:35,,,Landed the crispiest tornado kick in my life but strained my tit in the process https://t.co/gOJbW1NVmt,
vernialonrblx,1154113345462493185,2019-07-24 19:37:18,,,@_Virzaa she can summon a tornado out of her mouth as shown by the end,
RichFenton,1154113334561714178,2019-07-24 19:37:16,,,@realDonaldTrump In that case old boy you best get into the nearest shelter and prepare to be taken by a tornado of‚Ä¶ https://t.co/MnZq3aOcFG,
SammiStreets,1154113278525812736,2019-07-24 19:37:02,,,@realDonaldTrump Yeah so a tornado is coming for you,
_19eightyONE_,1154112954637475840,2019-07-24 19:35:45,,,"1 -1233 (united shadows)
9 -x
E -Emptiness (just do it - single)
I -l‚Äôll be there (united shadows)
G -Game (planet‚Ä¶ https://t.co/YWvLcPvZS8",
eric54310,1154112845552017411,2019-07-24 19:35:19,,,The Right and Left are acting like little kids throwing rocks at each other.....PATHETIC!!!! what happened to the b‚Ä¶ https://t.co/3M7XX6CpQ2,
MoSEMA_,1154112779412004869,2019-07-24 19:35:03,,,"Two months ago, the SAVE Coalition helped local officials in Jefferson City &amp; Cole County with damage assessments t‚Ä¶ https://t.co/zupKxZ0D7l",
8r1ti5h_3mpir3,1154112656732766209,2019-07-24 19:34:34,,"Place(_api=<tweepy.api.API object at 0x10f0244e0>, id='6c686af766d8429c', url='https://api.twitter.com/1.1/geo/id/6c686af766d8429c.json', place_type='city', name='Fort Lauderdale', full_name='Fort Lauderdale, FL', country_code='US', country='United States', contained_within=[], bounding_box=BoundingBox(_api=<tweepy.api.API object at 0x10f0244e0>, type='Polygon', coordinates=[[[-80.20811, 26.080935], [-80.0902351, 26.080935], [-80.0902351, 26.219801], [-80.20811, 26.219801]]]), attributes={})","@SachinNakrani He looks like a bad diet, met a Kansas tornado, and the tornado won.",
Fa11outS,1154112647006183424,2019-07-24 19:34:32,,,"Tornado hits Cape Cod leaving more than 33,000 residents without power | Fox News Here's the mainstream with that m‚Ä¶ https://t.co/GGgWGYR6hk",
NKUChaseLaw,1154112638554693632,2019-07-24 19:34:30,,,Student Myla Cardona-Jones saw her summer externship with Greater Dayton (Ohio) Volunteer Lawyers Project go from r‚Ä¶ https://t.co/JIiT5KKAla,
MassDEP,1154112533554507776,2019-07-24 19:34:05,,,"To help facilitate a speedy #tornado recovery in #Harwich &amp; #Yarmouth, @MassDEP has issued an emergency order to al‚Ä¶ https://t.co/AwUiEQt0K2",
thatericguy,1154112398342656008,2019-07-24 19:33:32,,,@ryanvaughan worth a watch:  https://t.co/r2HlI5kLgE #epic #timelapse #storms #tornado,
Cox_Box_Tornado,1154112295812947969,2019-07-24 19:33:08,,,Watching a parent watch Fox News is like watching brain cells die in real time,
yusakichi_516,1154112139138752513,2019-07-24 19:32:30,,,"@tornado_5018 Hello, world! https://t.co/pg1vE6SzPn",
Cali_Nem,1154112137238851584,2019-07-24 19:32:30,,,You acting like a b***h and man up. That's why you got so many hyper sexual and hyper violent black men. We're forc‚Ä¶ https://t.co/ngGdHMZnky,
detous,1154111972817850368,2019-07-24 19:31:51,,,"EF1 tornado rips roof off hotel in Cape Cod, leaves trail of damage https://t.co/hbi4A4wr0U via @accuweather",
bagsandwes,1154111845160116226,2019-07-24 19:31:20,,,"@DanRather And he throws more crap than a spring tornado tearing through a Texas stockyard, to put it in Ratheresque terms.",
Maria1D89,1154111768903540739,2019-07-24 19:31:02,,,maybe that's what happens when a tornado meets a volcano.,
jakesntiago,1154111664666611714,2019-07-24 19:30:37,,,i'm not saying simmosa is superior but their first kiss literally stopped a tornado soooo,
masslivenews,1154111549562376192,2019-07-24 19:30:10,,,Cape Cod businesses won't let a tornado stop their work. https://t.co/T1ELg5AjT6,
pierogi_,1154111515965960198,2019-07-24 19:30:02,,,"Feel similar, but, still think, in particular, GOP reps phones need to be ringing off the hook. Demands for impeach‚Ä¶ https://t.co/JMzs0AGrhk",
KittyMc07568577,1154111501512380417,2019-07-24 19:29:58,,,"Chatham,Mass. On the Cape. Tornado destruction of my next door neighbors. 5 trees fell like dominos. 2 trees direct‚Ä¶ https://t.co/3jjgE6Jzs1",
mir_ocall,1154111308289257473,2019-07-24 19:29:12,,,"@sanepolitico I suspect, perhaps, it's because Farrell didn't take to @TodaySOR like a tornado?",
KiNgDoooMsDaY,1154111126222848000,2019-07-24 19:28:29,,,I moved here with the expectation of only having like one hurricane. But a tornado? This is some bull shit https://t.co/ZVGmCj4dES,
Sasta24,1154110905694720003,2019-07-24 19:27:36,,,@Alwaysteetime It is fabulous storms top my list :) would love to see a big tornado üå™,
DMR09,1154110731375271937,2019-07-24 19:26:55,,,"Respect Mother Nature #CapeCod

https://t.co/JnzMAe2092",
5_by_26,1154110650672734209,2019-07-24 19:26:36,,,@Karoli @kittyFitz50 Chuck Todd is unwatchable &amp; an embarrassment to @MSNBC / #AndyLack . Every time his face shows‚Ä¶ https://t.co/G6FGoJStLs,
rosspjoshua,1154110511442796544,2019-07-24 19:26:02,,,Thousands without power after rare Cape Cod tornado https://t.co/EFVSbK5g3g,
fpl_tornado,1154110199717859328,2019-07-24 19:24:48,,,"Michael Keane off injured (bad cut to the eye).  Don't think he'll miss any time, but Everton's defense is paper thin right now.",
stacywoods,1154110056276910081,2019-07-24 19:24:14,,,John Woods Jennifer Bernhardt Durrua Adam Durrua Maggie MacBlane tornado yesterday on Cape Cod - may your seas be c‚Ä¶ https://t.co/GgPANZQLOe,
sporkette,1154109971564392448,2019-07-24 19:23:54,,,Tornado hits Cape Cod as thunderstorms break the heat https://t.co/B9emE5NuV0 via @MailOnline,
cbsnewspath,1154109846104498177,2019-07-24 19:23:24,,,WATCH: A man working on a sailboat when a strong storm blew through Cape Cod managed to hang on and record the dram‚Ä¶ https://t.co/VdO8e3jggD,
jisungzn,1154109822050209793,2019-07-24 19:23:18,,,ooooh i was something so remarkable it seems to me that she was only in my head for a moment i told you i lost it t‚Ä¶ https://t.co/wSgnSKXOwZ,
TNPerkins4,1154109648703590400,2019-07-24 19:22:37,,,"@Artsy_Chef Dude... if it was left up to me, there would be Blue Devil, Ultra the Multi-Alien, Red Tornado, Metal M‚Ä¶ https://t.co/WjbMIStQQL",
cmcleodsfagent,1154109538473111555,2019-07-24 19:22:10,,,Be Ready Tip: Keep some heavy blankets or an old mattress in your tornado safe space. They can help give you added‚Ä¶ https://t.co/tocg583NxR,
WWLP22News,1154109497645981697,2019-07-24 19:22:01,,,‚ÄúIt was complete devastation‚Äù Thousands still without power in Barnstable County after tornado https://t.co/GhokaUlRLu,
ZoomRadar,1154109212282236928,2019-07-24 19:20:53,,,"""Based on the storm‚Äôs visuals, Monday‚Äôs tornado was probably a so-called landspout tornado."" Latest article from‚Ä¶ https://t.co/X5zeYxpaM3",
indiewresbot,1154108998733443072,2019-07-24 19:20:02,,,"Fenix, Ivan Kiev and Mike Bailey loses to OI4K and Zack Sabre Jr. in a tornado six-man tag match",
angrytelemachus,1154108870417104897,2019-07-24 19:19:31,,,@MrProWestie I live in Missouri. It's been strangely cool here due to a VERY active spring. A tornado in my city an‚Ä¶ https://t.co/gOpXa5i4vg,
Card1nalCountry,1154108701441175556,2019-07-24 19:18:51,,,"@TorryGaucher @wpri12 Oklahoma, Kansas, Missouri, Kentucky, ect. is the mecca of Tornado Alley",
WBUR,1154108487078559744,2019-07-24 19:18:00,,,Cleanup continues after yesterday's tornado in Yarmouth. @MassGovernor visited earlier to survey the damage: https://t.co/BFUc7vNQCO,
MissyMmms,1154108393805799426,2019-07-24 19:17:38,,,#lastSaturdaynight before the storm dumped on me and ruined my hair and makeup.  A tornado was just north of us.‚Ä¶ https://t.co/td9dS8uT4a,
bmehealth,1154108166575030272,2019-07-24 19:16:43,,,2019-07-22.  Weekend Storms  Tornado Damage Mountain WI  Green Bay Storms‚Ä¶ https://t.co/wjyI4Utjqa via @YouTube,
PaigElizabeth9,1154108147805696001,2019-07-24 19:16:39,,,"This week has been like 10 weeks, no?! Monday, massive fire. Tuesday, tornado. Wednesday, Mueller testimony.. who k‚Ä¶ https://t.co/o4DYvMYOg6",
bmehealth,1154108099373993991,2019-07-24 19:16:27,,,2019-07-22. Weekend Storms Tornado Damage Mountain WI Green Bay Storms‚Ä¶ https://t.co/8eV6eIXHeK,
Kellen_Browning,1154107957925351429,2019-07-24 19:15:54,,"Place(_api=<tweepy.api.API object at 0x10f0244e0>, id='1dacd62345aae1e0', url='https://api.twitter.com/1.1/geo/id/1dacd62345aae1e0.json', place_type='city', name='Dennis Port', full_name='Dennis Port, MA', country_code='US', country='United States', contained_within=[], bounding_box=BoundingBox(_api=<tweepy.api.API object at 0x10f0244e0>, type='Polygon', coordinates=[[[-70.157218, 41.650512], [-70.117715, 41.650512], [-70.117715, 41.690253], [-70.157218, 41.690253]]]), attributes={})",Gov. Baker says state will seek federal disaster relief to help in recovery from Cape tornado  https://t.co/gdWUOriYyr via @BostonGlobe,
TorryGaucher,1154107873678544897,2019-07-24 19:15:34,,,@Card1nalCountry @wpri12 We went in after the tornado passed. Chasing in New England can be dangerous because of th‚Ä¶ https://t.co/eqvaZBsZlQ,
Al3xCole,1154107793420562433,2019-07-24 19:15:14,,,#CapeCod #Tornado. Words I didn't expect in the same sentence. https://t.co/cAYI359CJ9,
Card1nalCountry,1154107554122936321,2019-07-24 19:14:17,,,"@TorryGaucher @wpri12 Bruh if you ever go on a Tornado Chase, I volunteer to be your co-pilot. I like living danger‚Ä¶ https://t.co/SGBYzQg1CI",
Livestormchaser,1154107244801351681,2019-07-24 19:13:04,,,"Cleanup continues this morning of removing trees throughout the town of West Yarmouth, Massachusetts after an‚Äã EF1‚Ä¶ https://t.co/0yqEecHkQ0",
whitneyheavey,1154107199699877889,2019-07-24 19:12:53,"{'type': 'Point', 'coordinates': [-69.96027778, 41.68194444]}","Place(_api=<tweepy.api.API object at 0x10f0244e0>, id='007612b47e6f836b', url='https://api.twitter.com/1.1/geo/id/007612b47e6f836b.json', place_type='city', name='Chatham', full_name='Chatham, MA', country_code='US', country='United States', contained_within=[], bounding_box=BoundingBox(_api=<tweepy.api.API object at 0x10f0244e0>, type='Polygon', coordinates=[[[-70.038436, 41.66068], [-69.945158, 41.66068], [-69.945158, 41.71547], [-70.038436, 41.71547]]]), attributes={})","It‚Äôs been a little crazy here with clean up and power outage after our Cape Cod tornado yesterday! Thankfully, we a‚Ä¶ https://t.co/kadGTwCeGW","{'type': 'Point', 'coordinates': [41.68194444, -69.96027778]}"
titty_tornado,1154107199162998784,2019-07-24 19:12:53,,,@sipandsink Hahaha! I totally embraced that version of the holiday too. Thankfully I don't have to do that anymore‚Ä¶ https://t.co/DMmHXHIi71,
fakefantas,1154106873265700867,2019-07-24 19:11:35,,,Chill with a Creepy Tornado &amp; Tea Fanta üç¶ https://t.co/woJMHHzlT7,
StormTours,1154106772749246464,2019-07-24 19:11:11,,,"#Tornado outbreak in #Colorado on June 4 2015, #amazing! https://t.co/J8s0dqHjdS #AdventureTravel #StormTours #StormChasers #Tours #storms",
loya_betty,1154106147487404032,2019-07-24 19:08:42,,,"@Team_Mitch Bull, I wouldn't protect the REPUKES  from a tornado",
elizabethvarao,1154106004562481152,2019-07-24 19:08:08,,,@Wildombrexo like sup wif de civil war??? LOL Leos raging thru like a tornado.,
EnduraData,1154105945300992000,2019-07-24 19:07:54,,,A 911 Center Built to Withstand Tornado Winds https://t.co/cCFephfUuX,
boston_informer,1154105661099323394,2019-07-24 19:06:46,,,Gov. Charlie Baker speaks about Cape Cod¬†tornado https://t.co/d3j99xFqss https://t.co/muaL2dhsqJ,
teamcmcbot,1154105630585688065,2019-07-24 19:06:39,,,".@Mauricio___CR has won grand challenge on 25/07/2019 03:06:28 SGT [Golem,Cannon Cart,Mega Minion,Baby Dragon,Elect‚Ä¶ https://t.co/WHgGW2q6OH",
mcelhearn,1154105538566864896,2019-07-24 19:06:17,,,@CraigGrannell Did you see there was a tornado in Manchester the other day? Crazy.,
FairfieldFilms,1154105412838404097,2019-07-24 19:05:47,,,"Tim &amp; Eric's Bedtime E09 Tornado was beautifully fucked up. Reminded me of Blue Jam. 10/10, 5 bags 5 sodas and a fo‚Ä¶ https://t.co/83NO46kSZI",
EmarKalis,1154105292663087104,2019-07-24 19:05:18,,,"Arizonans can never be content with the weather. Its either too hot, too dry, too muggy, too cold, bruh i rather ha‚Ä¶ https://t.co/uurIjkqU2p",
AssnExec,1154105277626667011,2019-07-24 19:05:15,,,How to Handle the Chaos of a ‚ÄòTornado Boss‚Äô via @WSJ https://t.co/bs4aOwPSFF #PIHRA #SHRM #HR https://t.co/zChToOT3vV,
tbettis108,1154105271599452163,2019-07-24 19:05:13,,,I‚Äôve been watching and it is going to take a tornado to spin this ! https://t.co/5kiSCDkCHB,
Knowledge8Truth,1154104846636781581,2019-07-24 19:03:32,,,"Abu Huraira narrated: I heard Allah's Apostle Ô∑∫ saying ""Nothing is left of the prophecy except Al-Mubashshirat."" Th‚Ä¶ https://t.co/oMHXkJuNH1",
kellylwhite1,1154104583041540098,2019-07-24 19:02:29,,,Has the Trump tornado been seen twisting above the White House yet?,
emilypeoples13,1154104410513059840,2019-07-24 19:01:48,,,Cape Cod Tornado in Hyannisport https://t.co/ziQYlQ35LB,
ZacharysWeather,1154104344092041216,2019-07-24 19:01:32,,,"A rare EF1 tornado struck the popular New England vacation spot on Tuesday knocking out power to at least 45,000, a‚Ä¶ https://t.co/GULOgVzD5u",
accuweather,1154104179671126018,2019-07-24 19:00:53,,,"A rare EF1 tornado struck the popular New England vacation spot on Tuesday knocking out power to at least 45,000, a‚Ä¶ https://t.co/EK7Rwictya",
DeniceAli,1154104067209224194,2019-07-24 19:00:26,,,@GovMurphy @PSEGdelivers @JCP_L When I tried to apply for help from FeMA it indicated my area isn't declared a disa‚Ä¶ https://t.co/Gs5wzVCLfP,
uhaul,1154104050058747904,2019-07-24 19:00:22,,,URGENT: Our relief efforts are expanding to #CapeCod in the wake of the recent #tornado in the area. Please share w‚Ä¶ https://t.co/FXKnPDAuEh,
sarahwroblewski,1154104043263922176,2019-07-24 19:00:20,,,"More details are expected later today... but this was the second tornado on Cape Cod within the last year, (last on‚Ä¶ https://t.co/KTPKWzl26X",
Cox_Box_Tornado,1154104042211217408,2019-07-24 19:00:20,,,"Yes it is, but Pelosi is such a useless piece of shit that she still won't do it. So it doesn't matter. https://t.co/Pffi9aNlYy",
jag523,1154103791878320130,2019-07-24 18:59:20,,,@TonyPannWBAL what is normal time frame for NWS to determine whether a tornado hit?,
ADPedler,1154103778116685824,2019-07-24 18:59:17,,,@marcuskelson @CraigHill01 @slsandpet It it also called ‚Äòtornado alley‚Äô.  ... more KKK than lgtbi et al. ... at lea‚Ä¶ https://t.co/DIDZm0lI4C,
EfgHenry,1154103723054063617,2019-07-24 18:59:04,,,"Proper planning, preparation and proactive steps to reduce damage can help businesses survive and become more resil‚Ä¶ https://t.co/qmJvB7tu3f",
efg_paula,1154103719098757126,2019-07-24 18:59:03,,,"Proper planning, preparation and proactive steps to reduce damage can help businesses survive and become more resil‚Ä¶ https://t.co/jlffLPT6Le",
DelmaSilvas,1154103715072270339,2019-07-24 18:59:02,,,"Proper planning, preparation and proactive steps to reduce damage can help businesses survive and become more resil‚Ä¶ https://t.co/elKOTVvRtJ",
BetsyEfg,1154103709674217473,2019-07-24 18:59:01,,,"Proper planning, preparation and proactive steps to reduce damage can help businesses survive and become more resil‚Ä¶ https://t.co/NB5c55OhNV",
Twheater2,1154103455511826432,2019-07-24 18:58:00,,,Neighbors working together to clear debris from tornado on Cape Cod https://t.co/t5Q77bZDT7,
jtcarr58,1154103306903609345,2019-07-24 18:57:25,,,"@chucktodd Chuck you are failing as a reporter , if the old man with a chew of tobacco says the house blew away in‚Ä¶ https://t.co/EuIVYeDBXg",
titty_tornado,1154103143073869827,2019-07-24 18:56:46,,,"Day off,slept in a bit,watching #AlitaBattleAngel w/my kiddos. Enjoying a day of AC &amp;laziness I know it's a big day‚Ä¶ https://t.co/70Ih8tC8qi",
rm29303,1154103002849898496,2019-07-24 18:56:12,,,Baking in a Tornado - https://t.co/ultjRhTsh5 @BakngInATornado,
weik_kevin,1154102780958842881,2019-07-24 18:55:19,,,@JustinDrabick What's the difference between a cold air funnel  and a tornado? Please explain. Thank you.,
silvisatof,1154102656853581824,2019-07-24 18:54:50,,,When a tornado meets a volcano üß®,
3BLMedia,1154102616994877440,2019-07-24 18:54:40,,,.@CNHIndustrial brand @CASECE works together with #TeamRubicon to help communities in times of need. See how they r‚Ä¶ https://t.co/WRemGuTsvK,
OnWeather1,1154102460446695424,2019-07-24 18:54:03,,,NEW footage compilation from TORNADO in eastern Colorado https://t.co/p1HfGaOeIK https://t.co/DHO98oS2dv,
wdefnews12,1154102201347973120,2019-07-24 18:53:01,,,Winds rip roof off hotel as rare tornado hits Cape Cod https://t.co/TOQhRel0HV,
savedemocracy18,1154101580574220289,2019-07-24 18:50:33,,,@laurendane @lillie_80 'Tornado of fuckery' describes 2019 quite succinctly.,
MooreintheAM,1154101580372807685,2019-07-24 18:50:33,,,So now there has been a tornado in Cape Cod.  Combine that with the sharks and what have we?,
AbbeyNBCBoston,1154101516019650562,2019-07-24 18:50:18,,,"Muriel Parker is 95. Her late husband was in the Navy. Her home In #Harwich was damaged in the tornado, but she‚Äôs n‚Ä¶ https://t.co/OIT7FVx9kZ",
EllenMislak,1154101465125982208,2019-07-24 18:50:06,,,Uncle Nate‚Äôs Tornado and  a few hours after the tornado touchdown here at the Cape ‚Å¶@TreeHouseBrewCo‚Å© ‚Å¶‚Ä¶ https://t.co/O4lFbZyD4h,
1RedForrest,1154101382770647040,2019-07-24 18:49:46,,,"Parts of Cape Cod were struck by storm bursts and a tornado yesterday:

https://t.co/808vtjNfxf",
H_Linville,1154101334926217217,2019-07-24 18:49:35,,,Lucky that we planned our trip back to the Cape for this weekend. Looks like we will be doing a lot of repairs to t‚Ä¶ https://t.co/bBfbUQRZcB,
boston_informer,1154101288218570754,2019-07-24 18:49:23,,,Video: Man survives wild ride on sailboat during tornado on Cape¬†Cod https://t.co/AFxEtFjrJ5 https://t.co/B5vCvALkrS,
FLAVOLS,1154101211332841472,2019-07-24 18:49:05,,,@SECNetwork Praying for a tornado üå™,
BostonGlobe,1154101204458332161,2019-07-24 18:49:03,,,Neighbors working together to clear debris from tornado on Cape Cod https://t.co/d0GDlcXDut,
mdtthatginger,1154101170815692800,2019-07-24 18:48:55,,,"üå™You‚Äôre a Oklahoma tornado, exist on your OWN damn terms üå™ https://t.co/lnEC55OTUH",
FishWithSticks,1154101118651097088,2019-07-24 18:48:43,,,@laurendane @lillie_80 ‚ÄúTornado of fuckery.‚Äù Brilliant. I love you.,
GraceCLett20,1154101074019737600,2019-07-24 18:48:32,,,Probably my favorite moment from this summer has been hearing people in the newsroom refer to the tornado that hit Cape Cod as a ‚Äútwistah‚Äù,
DonnyDeplorable,1154100814878781442,2019-07-24 18:47:31,,,The #Republicans and #FoxNews are spinning this faster than a #tornado. Unfortunately people will believe them.‚Ä¶ https://t.co/O3d9gu3HlZ,
mtntandem,1154100766287773699,2019-07-24 18:47:19,,,Rare tornado in southern Colorado damages homes near DeWeese Reservoir https://t.co/6exR1SIj1H,
thatvikingsfan8,1154100487794364416,2019-07-24 18:46:13,,,"Green Bay is under a tornado warning...

They say to take shelter at Lambaeu field because there's no chance a touchdown will happen there",
4029news,1154100473764425729,2019-07-24 18:46:09,,,Cape Cod hit by rare tornado https://t.co/I8VVpnixcJ https://t.co/IJJ93QKSb3,
medmission,1154100410367561728,2019-07-24 18:45:54,,,"PRAISE REPORT FROM MY WIFE!

Good Afternoon 
I am PRAISING AND THANKING THE LORD FOR HIS GRACE &amp; MERCY AND HIS MIGH‚Ä¶ https://t.co/5ZgqYjBFiu",
laurendane,1154100394303217665,2019-07-24 18:45:50,,,@lillie_80 I mean. It's a tornado of fuckery out there. Jesus. I'm certainly no innocent when it comes to popping o‚Ä¶ https://t.co/CS5P4XxJY6,
trefloww,1154100270722215937,2019-07-24 18:45:21,,,Just saw a little tornado throwing dirt around...ü•¥üòñüò∞,
SMASHnewsBOT,1154100070377242624,2019-07-24 18:44:33,,,Local Mario player complains Mii Swordfighter's Tornado is OVERPOWERED,
MaureenGreenCC,1154100041180536832,2019-07-24 18:44:26,,,"This was the Cape Cod tornado, as seen from a window in my home yesterday: Cape Cod Tornado 2019 https://t.co/lF7VbOu1aZ via @YouTube",
titty_tornado,1154099841158434817,2019-07-24 18:43:38,,,"@snifflesnack It's much easier to be a cheerleader for someone else's recovery. Like you said,it takes the spotligh‚Ä¶ https://t.co/AN25XolcxS",
atlantisfgc,1154099655711625218,2019-07-24 18:42:54,,,Could we chat about this movie is making a tornado shot character seems really fun.,
wxaseymore,1154099605363187712,2019-07-24 18:42:42,,,"@MatthewCappucci Yeah I have never seen a funnel cloud, let alone a tornado or waterspout, so I was pretty disappoi‚Ä¶ https://t.co/b5YkwujDXi",
I_News_N,1154099560614117378,2019-07-24 18:42:32,,,Tornado hits Cape Cod leaving greater than 33000 residents without energy -- #Tornado #hit...‚Ä¶ https://t.co/iLdmZbHitZ,
VidGameBossBot,1154099546424827905,2019-07-24 18:42:28,,,"Loud Glowing Dominatrix
 ATK : 4118 DEF : 9194 SPE : THUNDER EXPLOSION TORNADO",
AbbeyNBCBoston,1154099453428719618,2019-07-24 18:42:06,,,NOW: @MassGovernor touring the damage in #Harwich after yesterday‚Äôs tornado. @NBC10Boston @necn https://t.co/KXRIuTSCcH,
JulieConvery,1154099439491067904,2019-07-24 18:42:03,,,@awfultruth01 Oh thank god. I was working in Springfield when they had a tornado back in 2011. Scary as crap üí©. Now‚Ä¶ https://t.co/MWskgLdegF,
NBC10Boston,1154099202617729024,2019-07-24 18:41:06,,,"""It's very hard at this point to calculate how much debris and how much damage has been caused by this,""‚Ä¶ https://t.co/Xh0MlOn5GI",
SharkScience,1154099101790855168,2019-07-24 18:40:42,,,High End EF-1 #Tornado Confirmed  on #Cape Cod with maximum wind strength of 110 mph. Much damage at tornado touchd‚Ä¶ https://t.co/Lx0yiaUGxY,
tornadospectral,1154099042613420035,2019-07-24 18:40:28,,,"Tornado Spectral Systems is looking for a Quality Manager and we want YOU! To view a detailed job description, plea‚Ä¶ https://t.co/JwMEhnLiDT",
Nicky_DAgs,1154098961872900096,2019-07-24 18:40:09,,,Castellano was toying with them.. eesh. Looked like a tornado on grass. #Chadsworld,
inierras,1154098953597718529,2019-07-24 18:40:07,,,Home Buying Tip | Review the home location for possibility of natural events https://t.co/UlsfdYdvmW Homes located‚Ä¶ https://t.co/o0c2mdfMsb,
GupKan,1154098709463912448,2019-07-24 18:39:09,,,"EF1 tornado rips roof off hotel in Cape Cod, leaves trail of damage https://t.co/KTFTQaKYT5 https://t.co/RZedx32BER",
amyhallboston,1154098703768027136,2019-07-24 18:39:07,,,700 crews work on Cape Cod to clear debris and restore power after tornado hits area https://t.co/vWFY7vLtU5 https://t.co/kJkQAVbU8x,
JLGulliver,1154098485492408320,2019-07-24 18:38:15,,,@MassDOT Crews from around the state have been deployed to assist @MassEMA @MassDCR and other state and local agenc‚Ä¶ https://t.co/tmUsCZ0U2B,
PetesWire,1154098017743638529,2019-07-24 18:36:24,,,"NEW: 

@EversourceMA tells @Bward3 they hope to have ALL power restored to tornado hit #CapeCod by Friday night. https://t.co/LIoZAA81F7",
BostonDotCom,1154097989285240832,2019-07-24 18:36:17,,,Video: Man survives wild ride on sailboat during tornado on Cape Cod https://t.co/c1mYNRBeXJ https://t.co/ExqtMnMFIR,
HomeWorksLLCIN,1154097942313275397,2019-07-24 18:36:06,,,Did the tornado or recent storms wreak havoc on your home? The HomeWorks Remodeling team can work with your insuran‚Ä¶ https://t.co/8CyAAEpVyX,
weathernetwork,1154097583368933376,2019-07-24 18:34:40,,,"The U.S. National Weather Service confirmed that a strong, but rare EF-1 tornado hit Cape Cod, Massachusetts on Tuesday.",
trulyavaporeon,1154097383086731266,2019-07-24 18:33:52,,,Tornado won‚Äôt stop our fun! We went to Nantucket and saw the Whaling Museum. Also went to a sharky beach ü¶à https://t.co/dPVhE9K0It,
ImJoshDunham,1154097270947831810,2019-07-24 18:33:26,,,"@olafimihanoshin You have my dying! üòÇüòÇüòÇ That man is about as awesome as a tiki hut during a tornado. FOH, Lewan.",
ZachCR_,1154097054999822336,2019-07-24 18:32:34,,,@DaJuicyOne_CR @noahhhhhcr honestly fireball and tornado in the same deck... doesnt even need poison-- as long as y‚Ä¶ https://t.co/jdVOjFS5pK,
way310_ebooks,1154096753345359872,2019-07-24 18:31:22,,,"since y'all don't realize, lan odyssey is the best album ever hol up lemme teach you
tornado kick
murphy group
7-el‚Ä¶ https://t.co/eKmB9siIEi",
JayyLyyte,1154096716913811456,2019-07-24 18:31:14,,,@theneedledrop Tornado of souls,
KatrinaKNews,1154096712203538433,2019-07-24 18:31:12,,,POWER OUTAGES: Thousands are still without power in Barnstable County after a EF-1 tornado hit on Tuesday. If you'r‚Ä¶ https://t.co/S0gmsb5zQ0,
AmandaGeaney,1154096571644076032,2019-07-24 18:30:39,,,I trimmed limbs off the Rose of Sharon that was damaged in the tornado and gave them to the goats. Little Miss Sara‚Ä¶ https://t.co/0A1isTqwxs,
Tori_Bedford,1154096502169591808,2019-07-24 18:30:22,,"Place(_api=<tweepy.api.API object at 0x10f0244e0>, id='0fc34b593c155002', url='https://api.twitter.com/1.1/geo/id/0fc34b593c155002.json', place_type='poi', name='Cape Playhouse', full_name='Cape Playhouse', country_code='', country='', contained_within=[], bounding_box=BoundingBox(_api=<tweepy.api.API object at 0x10f0244e0>, type='Polygon', coordinates=[[[-70.19176758939157, 41.74051118440457], [-70.19176758939157, 41.74051118440457], [-70.19176758939157, 41.74051118440457], [-70.19176758939157, 41.74051118440457]]]), attributes={})","Cape Playhouse still doesn‚Äôt have power. They‚Äôre performing the opening day of A Chorus Line with a generator, no A‚Ä¶ https://t.co/a8YDuIako9",
205mph,1154096315808264193,2019-07-24 18:29:38,,,"@Didier_Wx Didier, was this the tornado warned storm?",
22NewsStormTeam,1154096165190807553,2019-07-24 18:29:02,,,‚ÄúIt was complete devastation‚Äù Thousands still without power in Barnstable County after tornado https://t.co/Vqt9ihM301,
aesthicari,1154095863670685702,2019-07-24 18:27:50,,,@Louis_Tomlinson @420mitpaula we just had a tornado in cape cod lol,
epicgamemusic,1154095669654802432,2019-07-24 18:27:04,,,I'm probably not streaming today. There was a tornado where my grandmother is and she is missing.,
titty_tornado,1154095325226786816,2019-07-24 18:25:42,,,@EPTrouble So much the sameüòçüòçüòç,
MistressDeath,1154095236743749633,2019-07-24 18:25:21,,,'Need more resources on the ground' Gov. Baker says about Cape Cod tornado cleanup https://t.co/xFzlNpe4O2,
FerretSlave,1154095228887846912,2019-07-24 18:25:19,,,Tornadoes and earthquakes where they've never happened before. High winds rip roof off hotel as rare tornado strike‚Ä¶ https://t.co/ppfbs3SPPW,
titty_tornado,1154095165339889664,2019-07-24 18:25:04,,,"@EPTrouble You're absolutely right. The tension is amazing. I just love it. The clothes...the dancing..oh man, I ha‚Ä¶ https://t.co/RavaWf9Dvc",
EPTrouble,1154094957331996673,2019-07-24 18:24:14,,,"@titty_tornado Oh you wonderful, starlight porpoise. You are kind and sweet and strong and beautiful. I'm so glad you are my friend üíïü•∞",
greavespg,1154094943130046464,2019-07-24 18:24:11,,,"Between Fort Greene and Southeast Queens, I lived in NYC for over three decades. I don't recall flooding in‚Ä¶ https://t.co/PciwrymZDB",
dejifirza13,1154094803186900992,2019-07-24 18:23:37,,,"Ingin Tuhan sumpahhhhhhh
Tornado Tourism Is Actually A Thing https://t.co/IgedyNimyU via @YouTube",
PetesWire,1154094694110027776,2019-07-24 18:23:11,,,"NEW: @MassGovernor Charlie Baker is meeting with tornado victims on #CapeCod and viewing storm damage.

28,000+ peo‚Ä¶ https://t.co/rw0SkPkQUU",
EPTrouble,1154094568486424577,2019-07-24 18:22:41,,,"@titty_tornado Sweetie, if any two singers were a bit gay for each other it was these two, it's a love ballad :)",
tanniesmominlaw,1154094555198738433,2019-07-24 18:22:38,,,"tornado warning yesterday, then woke up to this at 2am. why do i live here?
canada is everything okay at home? https://t.co/yzSYoeNB8N",
OtterlyAmazing,1154094382011899905,2019-07-24 18:21:57,,,@mephitfurmeet Old Style BBQ has decent food.  They took care of us Sunday night in 2012 during the tornado warning. I'll never forget,
capecodtimes,1154094216152330242,2019-07-24 18:21:17,,,Photo Gallery: Cleanup begins on Cape following Tuesday's tornado https://t.co/T1rY5UtbuU #CapeCod @cctphoto https://t.co/bxNNgNlyK8,
1776_2026,1154094190827057152,2019-07-24 18:21:11,,,"A rarity: Tornado touched down on Cape Cod (South Yarmouth)
Tuesday https://t.co/F4085nKyTI",
MoodyFooka1,1154094160275791884,2019-07-24 18:21:04,,,#fookaBthinkin ‚ÄúOk....Who Gave #MrMuellerKat A Shot Of Red Bull? For Round 2 ü§î He‚Äôs Like A Tornado Now!‚Äù https://t.co/b3S8L0rEhS,
titty_tornado,1154094067896029184,2019-07-24 18:20:42,,,@EPTrouble üëÜüëÜüëÜüëÜ ok...this is not a gif for an 80's love ballad...but I couldn't resist. I love this music video so much. üòÅüòÅüòÅ,
mynameisminka78,1154094024237752327,2019-07-24 18:20:32,,,"Stormy update: 

She's a feline tornado. A category 5 purricane. (Yes, purricane I had to make the pun because of h‚Ä¶ https://t.co/ZW8i81Lw27",
gdmkimages,1154093896953151490,2019-07-24 18:20:01,,,See our Classic Military Aircraft Embroidered Varsity Jacket at https://t.co/fcOLf4x6x5 - Lightning and Lancaster i‚Ä¶ https://t.co/OQnWngEnaU,
titty_tornado,1154093887595487232,2019-07-24 18:19:59,,,@EPTrouble üòÜI don't care! I'd be happy on our own internet island! I think we're a good example of telling ppl that‚Ä¶ https://t.co/DPeLBz3ekV,
MJPatchouli,1154093610335293440,2019-07-24 18:18:53,,,"A tornado at Cape Cod is kind of unusual. Very unusual, actually. Oh, well, crank up the AC and carry on ... https://t.co/x2q772YNYj",
AlabamaBaptist,1154093334291537921,2019-07-24 18:17:47,,,TAB will be hosting a benefit night at Providence Baptist Church on August 2nd to aid the families in the Beauregar‚Ä¶ https://t.co/ohOecWiRvA,
WeatherBug,1154093295934541827,2019-07-24 18:17:38,,,"A tornado touched down in South Yarmouth, Massachusetts, on July 23 and significant wind damage was reported in the‚Ä¶ https://t.co/tlBYe8PmuD",
nlc12578,1154093250942328833,2019-07-24 18:17:27,,,Blue Tornado Football Fundraising timeüíôüå™üèà https://t.co/vTXhCvwOa4,
MarkTreinen,1154092878798315523,2019-07-24 18:15:58,,,"""I was trying as hard as I could to keep the panic from bubbling up, but I was frozen. I had my back against the ba‚Ä¶ https://t.co/EE1kQvRvDK",
CTVNews,1154092793079455746,2019-07-24 18:15:38,,,WATCH: Rare tornado rips roof from Cape Cod inn https://t.co/keast63qrP https://t.co/FeKoDJiXYe,
EPTrouble,1154092788537024513,2019-07-24 18:15:37,,,"@titty_tornado One day we are going to annoy the entire internet into blocking us. I don't care, I love you! You will always get hugs!",
MassDFS,1154092664029155328,2019-07-24 18:15:07,,,"The aftermath of the #tornado will be difficult. If you are using a #generator, be sure to use it outside (not in a‚Ä¶ https://t.co/CsQnhUABpB",
whiteryano,1154092639299543041,2019-07-24 18:15:01,,,"Manchester's weird weather week brings tornado, then heatwave https://t.co/mdo9ugOEaY",
Tori_Bedford,1154092529387749376,2019-07-24 18:14:35,,"Place(_api=<tweepy.api.API object at 0x10f0244e0>, id='dcc2334931ee6f8d', url='https://api.twitter.com/1.1/geo/id/dcc2334931ee6f8d.json', place_type='city', name='Dennis', full_name='Dennis, MA', country_code='US', country='United States', contained_within=[], bounding_box=BoundingBox(_api=<tweepy.api.API object at 0x10f0244e0>, type='Polygon', coordinates=[[[-70.241626, 41.712796], [-70.168505, 41.712796], [-70.168505, 41.752574], [-70.241626, 41.752574]]]), attributes={})","Cape Cod is recovering from the tornado. Dan McDowell manages this property in Dennis, where a live electrical wire‚Ä¶ https://t.co/168B3J2vAr",
titty_tornado,1154092512979460096,2019-07-24 18:14:31,,,@EPTrouble Always!!! üíúüíûüíú https://t.co/daIlK8atzf,
WCVB,1154092498739965952,2019-07-24 18:14:28,,,National Weather Service confirms multiple tornado touchdowns on Cape https://t.co/oOGn5NUFxz https://t.co/kUuRVzQmHw,
shopmatrixuk,1154092492763148289,2019-07-24 18:14:26,,,"Nina Ottosson Dog Tornado Treat Puzzle Dog Toy by Outward Hound
More Info: https://t.co/kKneCN1p07

It‚Äôs fun. It fe‚Ä¶ https://t.co/M1Jh60Tva9",
981CHFI,1154092424555302914,2019-07-24 18:14:10,,,"#FeelGoodStory-July 24 2019-Talk about a miracle! Belle, the family dog, returns unharmed, after being swept away b‚Ä¶ https://t.co/Zo7muhjCOu",
Eddie_Hoenie,1154092379579678720,2019-07-24 18:13:59,,,@jsram311 @djknuepfer Things were ok till nature bombed us with a F4 tornado and insurance won't cover everything..‚Ä¶ https://t.co/50PzMCUYZt,
Lddbabyy,1154092269403721729,2019-07-24 18:13:33,,,Cape twister: First tornadoes in half-century cuts through vacation towns https://t.co/l0AQpFtbKh,
EPTrouble,1154092255990468608,2019-07-24 18:13:30,,,"@titty_tornado Also, I'm hugging my monitor, can you feel it?ü§ó",
BostonGlobe,1154092253792673792,2019-07-24 18:13:29,,,Video: Man survives wild ride on sailboat while tornado blew through parts of Cape Cod https://t.co/TbQmgT6XJz,
ICLRCanada,1154092204492636160,2019-07-24 18:13:18,,,Slides from our latest Friday Forum are now available for viewing: 'Northern tornadoes project: Identifying every t‚Ä¶ https://t.co/UbyAtkQtY4,
Lddbabyy,1154092097047277571,2019-07-24 18:12:52,,,"Aerial footage shows path of destruction left by tornado on Cape Cod ‚Äì Boston News, Weather, Sports | WHDH 7News https://t.co/gU9AkhEs5N",
EPTrouble,1154092057616683014,2019-07-24 18:12:43,,,"@titty_tornado No Ann, don't fuck him! üòÜ You are entirely awesome, he should have been trying to get to know you. Y‚Ä¶ https://t.co/vFE8KSA1sP",
e_newsUS,1154091968823222273,2019-07-24 18:12:22,,,"Tornado hits Cape Cod leaving more than 33,000 residents without power - https://t.co/24XQdtXklL https://t.co/5wobkBfe73",
heystraykids,1154091888561070080,2019-07-24 18:12:02,,,"felix: can we go on the horse tornado
seungmin: that‚Äôs a carousel???
felix:",
tessju,1154091749888991233,2019-07-24 18:11:29,,,I remember Ragen and I were dating she brought me lunch at school on one Wednesday and the tornado sirens went off‚Ä¶ https://t.co/GO5LOlscGV,
StormTours,1154091674991284225,2019-07-24 18:11:11,,,"August 05, 2015: Canadian Badlands Tornado Warned Supercells https://t.co/6i5cfOo2pw #stormtours #stormchasing #stormchase",
NewsGrit,1154091399257546757,2019-07-24 18:10:06,,,"Rare Tornado Thrashes Cape Cod, Causing 'Extensive Damage' #NewsGrit https://t.co/SHX51wICHB",
DHSWI,1154091315186941952,2019-07-24 18:09:46,,,From our partner @ReadyWisconsin. Be safe during storm clean up!. Be sure to wear #gloves and #boots to avoid injur‚Ä¶ https://t.co/oLftjLKfiv,
titty_tornado,1154090999536209921,2019-07-24 18:08:30,,,"@EPTrouble Oh my beautiful land mermaid,I love you!üòÅbut right? Fuck him! Lol I legit tried to get to know him at fi‚Ä¶ https://t.co/UdX8FH6JAc",
FacilityONE_KY,1154090909690187776,2019-07-24 18:08:09,,,Intense summer weather was on display in Cape Cod this week when a tornado ripped the roof from a motel. Facilities‚Ä¶ https://t.co/QR9qH8lfD1,
meanbobbymcgee,1154090886202105856,2019-07-24 18:08:03,,,@Kevin_P_Wright @LeonardRoxon One can hope that a very localized tornado rips through his office.,
rabbiepower,1154090817755074561,2019-07-24 18:07:47,,,Thousands remain without power day after tornado on Cape Cod https://t.co/JLGuHCbYQ9,
Hartford_NC,1154090282155032578,2019-07-24 18:05:39,,,Hartford News Travel Experts Offer Tips to Vacationers Heading to Cape Cod After Tornado https://t.co/mwVHP8vwQb https://t.co/AQ45hzEDCO,
BigPat31,1154090277801463808,2019-07-24 18:05:38,,,Tornado &amp; no power can't stop #Ansonia baseball alums from getting together in Cape Cod! #ChargerBaseball https://t.co/DzVVYxLeA9,
KimWBZ,1154090224382808065,2019-07-24 18:05:26,,,.@MassGovernor says he has 3 goals for tornado ravaged area of the Cape - 1) finding more equipment for debris remo‚Ä¶ https://t.co/LBXjvtbkxu,
MatthewCappucci,1154090171962462224,2019-07-24 18:05:13,,,"Does this look familiar?

Just 24 hours off the Cape Cod #tornado, a similar mesolow with a similar apparent rotati‚Ä¶ https://t.co/nYcOYr2Lo1",
EPTrouble,1154090164286869504,2019-07-24 18:05:11,,,@titty_tornado I don't like him. How can he not be in love with you?! He has some serious issues. You are too good‚Ä¶ https://t.co/HOBUn9PeHd,
titty_tornado,1154090104396193795,2019-07-24 18:04:57,,,"that we do have so many of the same friends, the girl he dated is still one of my most loved&amp;respected friends. All‚Ä¶ https://t.co/XlD3IeE7NF",
titty_tornado,1154090102693363712,2019-07-24 18:04:57,,,"Like an obvious tension. I've always enjoyed randomly ""hating"" things. Like the band Fall Out Boy... I hate them. B‚Ä¶ https://t.co/cuMeIXaghl",
titty_tornado,1154090101019828226,2019-07-24 18:04:56,,,"I don't know why but I think it's funny... Maybe we're a lot alike &amp; that's why we've always clashed, but I don't t‚Ä¶ https://t.co/IYutY1j0KA",
EmergencyMgtMag,1154090099489071104,2019-07-24 18:04:56,,,"Cape Cod hit by EF1 tornado, National Weather Service confirms https://t.co/cErDQwZcon https://t.co/jweKPMxIC1",
WCVB,1154089151077199872,2019-07-24 18:01:10,,,'Need more resources on the ground' Gov. Baker says about tornado cleanup https://t.co/jnYh4mRhym https://t.co/Bqc03mYH0j,
milesoffsidepod,1154089145482039296,2019-07-24 18:01:08,,,@FPLLens @FplRoundtable @6thGoal @fpl_tornado @FPLShark (But don‚Äôt actually stop. Our egos are very fragile),
Whiteside_CHC,1154089138444017664,2019-07-24 18:01:07,,,Is your mobile phone buzzing with weather warnings? These wireless emergency alerts save lives! If a Tornado Warnin‚Ä¶ https://t.co/W663o5iNhB,
PatrickRockey,1154088887054217218,2019-07-24 18:00:07,,,TODAY'S storm threat. Warnings here --&gt; https://t.co/FGL6RNAcqm Track storms here--&gt; https://t.co/0D27PZvW9d‚Ä¶ https://t.co/HCl7dQ335D,
ekendall2,1154088704404795394,2019-07-24 17:59:23,,,did this fucking tornado really have to hit the cape the one week i‚Äôm here,
SeketricBarnes,1154088364485816320,2019-07-24 17:58:02,,,"I'd rather deal with a real tornado 

Seriously",
titty_tornado,1154088295183204352,2019-07-24 17:57:46,,,"Have you ever had a nemesis, Or someone you just didn't get along with no matter what? There's this guy from my HS‚Ä¶ https://t.co/YwLnFX3MoD",
