screen_name,id_str,created_at,coordinates,place,text,geo_location,text_count
350,1153746183015325696,2019-07-23 19:18:20,,,The Arctic is on fire. The Arctic is on fire. The Arctic is on fire. The Arctic is on fire. The Arctic is on fire.‚Ä¶ https://t.co/RYumUYGoJS,,26
DavidBegnaud,1153524128537829376,2019-07-23 04:35:58,,,"This clearly shows a canister being launched, in the distance, and breaking thru the back windshield of a vehicle,‚Ä¶ https://t.co/5tabmj5oYE",,20
DavidBegnaud,1153636337377001477,2019-07-23 12:01:51,,,I just interviewed the 23 year old protester who‚Äôs car caught fire after a Puerto Rican police fired canister lande‚Ä¶ https://t.co/2UummRp4Tl,,21
Joseybadabing,1154110892742782976,2019-07-24 19:27:33,,,@AdamSchiff Adam is concerned about lying. He told us he had evidence. Where is your evidence. Adam Schiff is a lia‚Ä¶ https://t.co/XyqdvCOnO9,,22
555_867_5309,1154110892327313408,2019-07-24 19:27:33,,,@joeymo69 @davidtabrown You're making mountains out of mole hills guy.  Yes those are issues but a reason to fire h‚Ä¶ https://t.co/HW2Qdy7PEr,,21
obolyeldarb,1154110888246484992,2019-07-24 19:27:32,,,@dylan_spit_fire @BoxingAsylum It's not relevant - it's another case of trying to attack the arguer instead of the‚Ä¶ https://t.co/NGVwI5bcin,,19
Roccosmom1216,1154110885566267392,2019-07-24 19:27:32,,,@BetteMidler Who is regulating your meds? You need to fire that person,,12
SouthMetroPIO,1154110884395941888,2019-07-24 19:27:31,,,SMFR is on scene of a natural gas leak at Salford Lane and Burntwood Way in @highlands_ranch No injuries or fire oc‚Ä¶ https://t.co/nH92VLNqJo,,23
Synergy1Radio,1154110880940003329,2019-07-24 19:27:31,,,#NP :Priscilla - Fire  Feat. Onos Ariyo #Synergy1Radio https://t.co/CRMsgJCNdY  - @Priscillasings_ #Fire #OnosAriyo,,13
frankmonah,1154110879895564289,2019-07-24 19:27:30,,,@JaySekulow @realDonaldTrump Trump ordered McGahn to fire Mueller and when he wouldn't -ordered him to publicly den‚Ä¶ https://t.co/ELlCeGFzXR,,18
spearswills,1154110875751604225,2019-07-24 19:27:29,,,"i don't get when to use despair, flare, fire II or umbral soul on blm",,15
flowaaabombb,1154110873943859201,2019-07-24 19:27:29,,,"they have this at the w in Times Square so fire, gotta go back w my boo https://t.co/f010BTvl40",,18
ExpressandStar,1154110872068993024,2019-07-24 19:27:28,,,"This is why there's been so much smoke in Walsall town centre this evening
https://t.co/BSyijOnDTo",,15
CarrieMay24,1154110869560864775,2019-07-24 19:27:28,,,My thighs and arms are on fire!,,7
JohnMoriartyCS,1154110868637900800,2019-07-24 19:27:28,,,Fire up the grill with this healthy(ish) BBQ sauce. https://t.co/7YZzfWO8oQ,,10
camilacruzarcht,1153524123290591233,2019-07-23 04:35:57,,,"thrown by the police, a gas set this vehicle on fire.",,11
ile2013,1153524122091249664,2019-07-23 04:35:56,,"Place(_api=<tweepy.api.API object at 0x000002C01AF33C18>, id='547fe91108bd744c', url='https://api.twitter.com/1.1/geo/id/547fe91108bd744c.json', place_type='city', name='San Juan', full_name='San Juan, USA', country_code='US', country='United States', contained_within=[], bounding_box=BoundingBox(_api=<tweepy.api.API object at 0x000002C01AF33C18>, type='Polygon', coordinates=[[[-66.125093, 18.29645], [-65.991643, 18.29645], [-65.991643, 18.471881], [-66.125093, 18.471881]]]), attributes={})",@raulalexanderdp @k1000rb @DavidBegnaud Start of the FIRE!,,7
phairbot,1153524121441054721,2019-07-23 04:35:56,,,"You put in my hands a loaded gun, and then told me not to fire it",,16
NaunieC,1153524119142461440,2019-07-23 04:35:56,,,Fire Emblem: Three Houses - Get To Know The Same-Sex Supports https://t.co/urZJAlPw4K,,12
AndyKHLiu,1153524116017651712,2019-07-23 04:35:55,,,aite dyson let's wrap this up dude i got a fire kdrama episode to finish,,15
USVInews,1153524111676780545,2019-07-23 04:35:54,,,#StThomas Source: Investigators Still Sifting Evidence in Royal Dane Mall Fire https://t.co/LCes4SchF7 #USVI,,13
OrlandoRay6,1153524111282323458,2019-07-23 04:35:54,,,@marioblove @SneakerNews @Nike @KyrieIrving Dam that shoe collection is fire üî•  you wouldn‚Äôt happen to be a size 10 would ya ??,,22
twinworld,1153524109164371968,2019-07-23 04:35:53,,,"Going to be a busy time these upcoming months.
Fire Emblem: Three Houses
Astral Chain
Legend of Zelda: Link's Awake‚Ä¶ https://t.co/kzUzlss816",,21
iucss,1153524102256300033,2019-07-23 04:35:52,,,@Fire_Bay Hell I have to import art supplies too from Italy cause Amazon doesn't deliver here either and most store‚Ä¶ https://t.co/s9GTRzzXnl,,21
jgllt,1153524096682082305,2019-07-23 04:35:50,,,vegan cheese pizza with nooch is fire tho,,8
efflortaescent,1153524095809675264,2019-07-23 04:35:50,,,Fckkkk I got two retweets on one of my posts I'm on fire today whew. Too much hard work so let's call it a day,,25
Belinda_McBride,1153524095079727104,2019-07-23 04:35:50,,,"@heidicullinan When the fire hit last year, the evacuation order came to the landline but not the cell phones. And‚Ä¶ https://t.co/6H6h5xsqFu",,21
ArtMusicLife,1153524089933488129,2019-07-23 04:35:49,,,"Once upon a time Putin was worried about how we‚Äôd respond to something like this. But now, with Trump‚Äôs lips firmly‚Ä¶ https://t.co/uIYA74MVyQ",,22
WJambles,1153524082446610438,2019-07-23 04:35:47,,,"@BTSGlobalVoting @BTS_twt fire
fake love
for you
first love",,9
SEBrown51,1153524072346767362,2019-07-23 04:35:44,,,"@brooklynmarie @shaunking And repugs say there's no such thing as climate change. Kill, I mean fire all the scientists.",,19
3milpedasos,1153524069024722944,2019-07-23 04:35:44,,,my lock screen is fire shoutout to sewp,,8
homeless_loki,1153524063735865344,2019-07-23 04:35:42,,,@homeless_ny They would come sit around the fire with me in the evenings. So did the wild turkeys. The worst part o‚Ä¶ https://t.co/g4K3mQz5PS,,23
aliciousness007,1153524061974253568,2019-07-23 04:35:42,,,this might be the most fire dance i‚Äôve ever seen https://t.co/Kj7NpvoRvq,,11
ShesConnoisseur,1153524060799807488,2019-07-23 04:35:42,,,I love SoundCloud I be finding all the fire joints,,10
eriicherrii,1153524053833072645,2019-07-23 04:35:40,,,"@LYAT02 Some of their vocal covers I like are:
Blackpink - playing with fire
https://t.co/oDt8qgKjAf
Flashlight‚Ä¶ https://t.co/QrXDOoDIkv",,17
Ghostly_Natsu,1153524038490345472,2019-07-23 04:35:36,,,"Since episode 3 of Fire Force is postponed due to recent events, I decided to go ahead and check out the first two‚Ä¶ https://t.co/gnNzrC8plA",,24
Angiee_Avacadoo,1153524035273121792,2019-07-23 04:35:36,,,Was close to a wild fire today üòú https://t.co/KDbyclE3wo,,9
purelychristina,1153524033838702592,2019-07-23 04:35:35,,,"@babychu_0 So glad you like it!!!! ‚ò∫Ô∏è Thanks for being so patient, but I hope those snacks were worth the wait! (bt‚Ä¶ https://t.co/ucrwapLSAk",,23
BravoTherapist,1153524018772770816,2019-07-23 04:35:32,,,@rachelzegler Fire your therapist ... Vanessa Hudgens aka Baby V is QUEEN üëëüë∏üèª,,13
Mohitjat21,1153524017086660608,2019-07-23 04:35:31,,,"@cryshnah Balancing can be done by selling excess forwards like mariano , lucas and with bale leaving they should b‚Ä¶ https://t.co/todfe5iqel",,21
rogerginger,1153524014863667202,2019-07-23 04:35:31,,,"Gotta say, @chrisbharrison is on fire in this interview. But he should have thrown it to tape when Luke was lying a‚Ä¶ https://t.co/ziZCql3Le0",,23
nizfnord,1153524013081288704,2019-07-23 04:35:30,,,@DavidBegnaud @BernabeMVC Look at this: police shooting tear gas and set a car on fire https://t.co/I5jUZQ2ZMF,,16
boyz_loona,1153524011328036864,2019-07-23 04:35:30,,,Playing with Fire best blackpink song,,6
noel_is_crack,1153524007075033088,2019-07-23 04:35:29,,,@_SirCastro Stupid fire ride safe fam,,6
daveyoung84,1153524002016636935,2019-07-23 04:35:28,,"Place(_api=<tweepy.api.API object at 0x000002C01AF33C18>, id='1d9a5370a355ab0c', url='https://api.twitter.com/1.1/geo/id/1d9a5370a355ab0c.json', place_type='city', name='Chicago', full_name='Chicago, IL', country_code='US', country='United States', contained_within=[], bounding_box=BoundingBox(_api=<tweepy.api.API object at 0x000002C01AF33C18>, type='Polygon', coordinates=[[[-87.940033, 41.644102], [-87.523993, 41.644102], [-87.523993, 42.0230669], [-87.940033, 42.0230669]]]), attributes={})",Theo needs to fire Joe Maddon. He‚Äôs costed us way too many games this year and he continues to refuse to see what i‚Ä¶ https://t.co/hIs4x5VBez,,25
FLAGscanner,1153523988162736128,2019-07-23 04:35:24,,,#MuseumFire 7/22 9:30 PM Update to Museum Fire. Updated size. - https://t.co/VS9TRcR12Y - #Flagstaff,,14
MattGalkaFox10,1153523985448968192,2019-07-23 04:35:24,,,I‚Äôm in Flag. Words cannot describe the helpless feeling you have when you get a panicky phone call about a fire nex‚Ä¶ https://t.co/lDM0Xlg8ZJ,,23
_ShaunS,1153523985038155776,2019-07-23 04:35:24,,,@ThatScorpboy I hope everyone that threw a punch dies in a fire!,,12
afro_insider,1153523983268139008,2019-07-23 04:35:23,,,"Reports of fire, shots at Cameroon maximum security prison ‚Äì https://t.co/gXIKIv9nY7 https://t.co/HKr8gX4XwD https://t.co/cE2gNM3Rsk",,13
Nomulasrinivas4,1153523978914320388,2019-07-23 04:35:22,,,"MASSIVE FIRE ACCIDENT IN MTNL BUILDING IN BANDRA MUMBAI,RESCUE OPERATION CONTINUES. https://t.co/DXHwyFdhpL",,12
zemurian,1153523967040413699,2019-07-23 04:35:19,,,would like to thank the fire emblem trading card game for giving my lesser known favourites more art (like natasha),,20
JulieChristyn,1153523960824442880,2019-07-23 04:35:18,,,I did it!!!!!!! I only walked away with one war wound and it took two tries for a fire but I made it happen. The te‚Ä¶ https://t.co/0WRk2sYXEz,,27
Popgeekhorror90,1153523953488617472,2019-07-23 04:35:16,,,Mood for beer and fire pit :)#feeling_lonely https://t.co/JO3EThvCrK,,8
Stream_Taeyeon,1153523952888758274,2019-07-23 04:35:16,,,"@Straightfax7 @cholosehun @herbrightsmiIe Oh don't even try the ""they have it equally bad""-bs, you don't have to co‚Ä¶ https://t.co/c18m3zOSxr",,19
anaya_000,1153523948170223616,2019-07-23 04:35:15,,,"Members of the US military fire a gun salute as General Joseph Dunford (out of frame), Chairman of the Joint Chiefs‚Ä¶ https://t.co/bqpv9wEwhJ",,22
tagfuchs,1153523946614120459,2019-07-23 04:35:14,,,"@Nithiel Celebration - Kool &amp; The Gang
September - Earth, Wind &amp; Fire
Let‚Äòs Groove - Earth, Wind &amp; Fire",,20
jvrivmnicole,1153523942830874625,2019-07-23 04:35:14,,,@DavidBegnaud it‚Äôs clear here a tear gas can throw by the police is what broke the car‚Äôs rear window and ultimately‚Ä¶ https://t.co/qQrC9WnhEH,,22
wyrmforge,1153523940486258688,2019-07-23 04:35:13,,,I just got result 'Blue Lions' on quiz 'Fire Emblem Three Houses: House Decider'. What will you get? https://t.co/8J1hi28nmU,,19
suzanne_hight,1153523940192468992,2019-07-23 04:35:13,,,May these scammers be covered in honey and then staked our naked over a mound of fire ants in the hottest part of t‚Ä¶ https://t.co/IV4yn68epL,,25
michaelbartnett,1153523930352648193,2019-07-23 04:35:11,,,Seriously...thsi music. Basing the Gerudo Ruins theme on the Bolero of Fire is perfection https://t.co/3GiuAaAHOd,,15
xaevra,1153523926854619138,2019-07-23 04:35:10,,,I just got result 'Golden Deer' on quiz 'Fire Emblem Three Houses: House Decider'. What will you get? https://t.co/9j4OHCmcrU,,19
seanbawhite,1153523922677067776,2019-07-23 04:35:09,,,@incendian_fire @dennis_writes @ksalumnus @LetTheBodyFall @AshlynsAudio What genre do you prefer?,,10
_krackan_,1153523919321616384,2019-07-23 04:35:08,,,@Aeruner @SixZoSeven @MCGamerNetwork I still vividly remember joining your channel to tell you the server was liter‚Ä¶ https://t.co/5DT8G8wFeE,,18
Chris_1791,1153523915039186946,2019-07-23 04:35:07,,,Police fire tear gas at protesters calling for PR governor to resign https://t.co/NafiIeBLDV via @nypost https://t.co/u70y1BDqVF,,16
TowTruckNews,1153523914871472133,2019-07-23 04:35:07,,,Air tank explodes due to vehicle fire on I-295 - WWBT NBC12 News https://t.co/mZcKESMcOL,,14
OfWindsAndFlame,1153523914024325121,2019-07-23 04:35:07,,,"@skymaidenisms ‚Ä¢ Claps his habds together happily over and over, burping out a bit of purple fire

   ‚Ä¢„Äù¬†M - Mama. . .D - Dada? „Äû",,26
jstringfieldd,1153523912401199109,2019-07-23 04:35:06,,,i love summer just as much as the next person but i‚Äôm so excited for fall so i can wear my sweaters and sit by my f‚Ä¶ https://t.co/tIQNf8FUOu,,28
TheFabFoodGirl,1153523912384192512,2019-07-23 04:35:06,,,"update: I didn‚Äôt get caught on fire, I just managed to get an insanely stupid sunburn mere HOURS before the ceremon‚Ä¶ https://t.co/ycOFancPqU",,22
ttorneda,1153523909901324289,2019-07-23 04:35:06,,,putting the fire out with the hose instead of the cap cause i believe in the rights of the fire to engage in no cap‚Ä¶ https://t.co/lRbekGexey,,26
christlang_,1153523897725308928,2019-07-23 04:35:03,,,nobody told me how fire roddy ricch is,,8
wordsofAZ,1153523895309426690,2019-07-23 04:35:02,,,@DaddyShiva FIRE IN DAH YARDDDDDD üî•üò© *baby boomers*,,8
jsta281,1153523895040765953,2019-07-23 04:35:02,,,"@UteChap The last car I bought it totally backed fire at GMC in WVC.  They took too long, I started running short o‚Ä¶ https://t.co/NTmXJr7Apk",,24
chelseamcd12,1153523889588383744,2019-07-23 04:35:01,,,@VMmovie I need a minimum of a month my life is a dumpster fire rn,,15
ChaneloAlvaRez,1153523884060057600,2019-07-23 04:35:00,,,I hope y‚Äôall listening to that jaden album man. That shit fire,,12
teflondonzay,1153523883481403392,2019-07-23 04:34:59,,,NYC Police Commissioner James O'Neill and Mayor Bill de Blasio: Fire Daniel Pantaleo for the Murder of Eric Garner‚Ä¶ https://t.co/Pz5yHEN5Nr,,20
JakeBroOfZeus17,1153523878293069824,2019-07-23 04:34:58,,,@TaoofStieb You started a fire lol https://t.co/M1TSinPv5E,,7
Jonatha37774323,1153523873658261504,2019-07-23 04:34:57,,,@MahgdalenRose Amazing. You are the first person I have seen to speak so succinctly about the situation in Puerto R‚Ä¶ https://t.co/4xdXrL8uBT,,21
EpicHouseFires,1153523873083613184,2019-07-23 04:34:57,,,"yes, the carpet matches the drapes. they are on fire. the whole house is on fire.",,16
Quin4Trump,1153523869732495362,2019-07-23 04:34:56,,,"@democracy_fire @realDrOlmo @AyannaPressley Your tweet omitted that Obama fueled the lie of ""White privilege,"" drop‚Ä¶ https://t.co/Thxj09tnl5",,16
Birbycakes,1153523865873780736,2019-07-23 04:34:55,,,I just got result 'Black Eagles' on quiz 'Fire Emblem Three Houses: House Decider'. What will you get? https://t.co/c2JEjcWCVj,,19
JewishPress,1153523857149636608,2019-07-23 04:34:53,,,The Fire - https://t.co/Ud0fuNleoq @JewishPress https://t.co/BraipJaDHz,,6
Meowstyx,1153523856172343296,2019-07-23 04:34:53,,,i was on fire with tweets today im proud of my dumbass jokes,,13
GlerumMusic,1153523851453579265,2019-07-23 04:34:52,,,U2 / The Unforgettable Fire / Indian Summer Sky / U2 / 1984 / Island https://t.co/jBapan7xlU,,16
itsnotdia,1153523845250392074,2019-07-23 04:34:50,,,@LandoSoReal It‚Äôs fire if you make it from scratch,,9
TexanAimee,1153523839344742405,2019-07-23 04:34:49,,,"Today‚Äôs product spotlight comes with a built-in spotlight... sort of.
Monjeau Sunlit Hills almost lights up as a me‚Ä¶ https://t.co/mkH9JrEjl8",,20
bravery_avery,1153523835636875264,2019-07-23 04:34:48,,,people look at me funny when i explain to them why i don‚Äôt entertain certain people and their goofy personalities.‚Ä¶ https://t.co/EJoL3TN6Iz,,21
PinellasPatch,1153523833942528000,2019-07-23 04:34:48,,,"The smartphone application FaceApp, made by a Russian technology company, is under fire over privacy and national s‚Ä¶ https://t.co/QwY1Lrq5eJ",,19
elizamirk,1153523831983579136,2019-07-23 04:34:47,,,"@samanthaistan i definitely started reading sjm when i was 13, but that was when only through heir of fire was out‚Ä¶ https://t.co/GyJlGS2UA9",,22
Sohbro1,1153523824018763776,2019-07-23 04:34:45,,,"Sketch of Flayn from Fire Emblem 3 Houses. Hopefully this ends up decent! 
#FireEmblemThreeHouses #FireEmblem‚Ä¶ https://t.co/sA5D3qpsw4",,16
fairyofthesea1,1153523816267730945,2019-07-23 04:34:43,,,"@firespiritbott {Her eyes flickered, as water began to spiral. It was inching closer to Fire, to the spear....}

Yo‚Ä¶ https://t.co/qmRLgiFtrL",,20
JannPedro,1153523805614202880,2019-07-23 04:34:41,,,@DB_Legends Vegeta family bout to be fire af ü§ßü•µüî•,,9
M13Jay,1153523805358370817,2019-07-23 04:34:41,,,Me asf. I had some fire shit https://t.co/FgbyDdJU0H,,8
DullVivid,1153523799494733824,2019-07-23 04:34:39,,,@Oddly_Art IDEAL PERFORMANCE is climbing Death Mountain as you fucking become the Man on Fire,,15
theyscreamjaida,1153523797993185282,2019-07-23 04:34:39,,,@m_geezi Fire stick üëÅ,,4
jaimecope_,1153523794343915523,2019-07-23 04:34:38,,,napa friends stay safe ): i just found out that there‚Äôs a fire,,13
fierydaddy,1153523789847678977,2019-07-23 04:34:37,,,"Barns Courtney -- The Attractions of Youth

1. Fire
2. Hellfire
3. The Attractions of Youth",,16
dalytaparrish,1153523785271840768,2019-07-23 04:34:36,,,.@DavidBegnaud a tear gas canister thrown by the police started the fire. https://t.co/4BOgeVRBjt,,13
cwilbourn23,1153523781748625408,2019-07-23 04:34:35,,"Place(_api=<tweepy.api.API object at 0x000002C01AF33C18>, id='288de3df481163e8', url='https://api.twitter.com/1.1/geo/id/288de3df481163e8.json', place_type='admin', name='Alabama', full_name='Alabama, USA', country_code='US', country='United States', contained_within=[], bounding_box=BoundingBox(_api=<tweepy.api.API object at 0x000002C01AF33C18>, type='Polygon', coordinates=[[[-88.473228, 30.144425], [-84.888247, 30.144425], [-84.888247, 35.008029], [-88.473228, 35.008029]]]), attributes={})",@Bdlankford14 Fire ain‚Äôt it bro,,5
mroliver25,1153523776295972865,2019-07-23 04:34:34,,,@Stori585 Because he has the tendency to have a fire round and fade the rest of the battle. He‚Äôs lost quite a few b‚Ä¶ https://t.co/ZC6Lx3lcqj,,25
needpassport,1153523774844809217,2019-07-23 04:34:34,,,"I can't think of fire tweets no more!!!

I AINT GET NO RE COG NISHEN",,15
erinstrout,1153523773087240192,2019-07-23 04:34:33,,,Flagstaff is on fire and Brooklyn is under water. Just 2 examples. This is our future. https://t.co/a0Yw01m7Df,,17
transbay,1153523768322510848,2019-07-23 04:34:32,,"Place(_api=<tweepy.api.API object at 0x000002C01AF33C18>, id='5a110d312052166f', url='https://api.twitter.com/1.1/geo/id/5a110d312052166f.json', place_type='city', name='San Francisco', full_name='San Francisco, CA', country_code='US', country='United States', contained_within=[], bounding_box=BoundingBox(_api=<tweepy.api.API object at 0x000002C01AF33C18>, type='Polygon', coordinates=[[[-122.514926, 37.708075], [-122.357031, 37.708075], [-122.357031, 37.833238], [-122.514926, 37.833238]]]), attributes={})",@burritojustice @markasaurus If fire-breathing dragons start guarding turnstiles I am 110% blaming you.,,13
cory_halwood30,1153523767798140928,2019-07-23 04:34:32,,,I bet money that the Flagstaff fire was started by a white person! NO CAP!!,,15
iva_mosquera,1153523760743497728,2019-07-23 04:34:30,,,Play w‚Äô fire.,,3
fire_princess2,1153523758130446336,2019-07-23 04:34:30,,,@AkuVtuber *She blushes even more and give you her collar*,,10
sweetpapidulce,1153523738161418240,2019-07-23 04:34:25,,,@mcurtisgeorge @j_aragon504 Yo this shit fire,,6
PauljGarth,1153523737993633792,2019-07-23 04:34:25,,,Had to call the emergency vet at 8 and the fire department / gas company 10. What a night!,,19
BUDDHAsPALM,1153523737490276352,2019-07-23 04:34:25,,,@soychicka @MelMcB23 @saradannerdukic @JustGoAway13 @lauferlaw That‚Äôs also the same day that the Russian sub fire happened,,16
poipoiple,1153523722503897088,2019-07-23 04:34:21,,,@huachengxielian Fire Emblem is dropping this Friday... üòä,,8
michaeldrake_,1153523716476887041,2019-07-23 04:34:20,,,This some fire ommm https://t.co/5oNmrsjGAZ,,5
edittenhoefer,1153523714631356416,2019-07-23 04:34:19,,,"Driftwood brought the fire @GrassRootsFest @ Trumansburg, New York https://t.co/k4bdjqSP4Q",,10
StillinBruges,1153523693479481350,2019-07-23 04:34:14,,,"https://t.co/WxQ3ubKgcX

My favorite song at the moment.",,7
MarkoftheQuill,1153523693290700800,2019-07-23 04:34:14,,,starting fire force now only 2 eps up tho,,9
lucymatu1,1153523692283944960,2019-07-23 04:34:14,,,@IlhanMN #KeepTexasRed #Trump2020 #DrainTheDeepStateSwamp and fire illegal immigrants in Congress,,10
realramsaysnow,1153523680967892994,2019-07-23 04:34:11,,,@IDEASOFICE_FIRE Isnt written cture like 6-10k years old. If i am correct around 6-8 mankind had a EXTREME leap in‚Ä¶ https://t.co/F9DYD3k2aP,,21
AFP,1153523678811791361,2019-07-23 04:34:11,,,#UPDATE The Russian jet breached South Korean airspace twice prompting the Air Force to scramble fighter jets and f‚Ä¶ https://t.co/Xkc1jVlwsm,,20
PegsGoldenBoy,1153523677977292800,2019-07-23 04:34:10,,,"That was fire, back in the day.",,7
samanthaenoell,1153523676584636417,2019-07-23 04:34:10,,,Hold up this about to be so fire Peppa‚Äôs gonna turn into bacon https://t.co/ihOXVn2gFZ,,14
LegacyKnows,1153523675032891392,2019-07-23 04:34:10,,,"My computer caught on fire from all the dust so I poured apple juice on it and now it‚Äôs fine. 

I‚Äôll be live in a second, let‚Äôs goüëæ",,28
queenmakaveli_,1153523672365371392,2019-07-23 04:34:09,,,bro my homeboy song is fire af!!!!! People go fw this hoe.,,12
fieryjk,1153523670414794753,2019-07-23 04:34:09,,,@tinyvhopekook Idk but the forest is on fire,,8
WEARY_SH1TA55,1153523662936559616,2019-07-23 04:34:07,,,hate to be a stickler but the truck wasn't on fire so dudes who flipped it over have not achieved hero status. bunch of show-offs,,25
radicalseabies,1153523658301644800,2019-07-23 04:34:06,,,kinda feeling a bit tempted to get the new fire emblem?? idk if im quite feeling $70 tempted tho,,19
silmvry,1153523653096673281,2019-07-23 04:34:04,,,@DavidBegnaud @WapaTV There's a video that proves that the fire was caused by a gas can throwned by the police!!,,20
danihannn,1153523649422360576,2019-07-23 04:34:04,,,that ny line up so fire la better be similar ü§¶‚Äç‚ôÇÔ∏è,,11
jooohncaballero,1153523647165845504,2019-07-23 04:34:03,,,Grace under fire,,3
CHI_Fire_soccer,1153523641331544064,2019-07-23 04:34:02,,,MLS stepping in? https://t.co/yHoGTnA7FW,,4
SzofiJ,1153523628169809920,2019-07-23 04:33:59,,,it's so effin mushi mushi today that i lowkey want to set myself on fire so i'd feel it's reasonable to feel so uncomfortable.,,24
geenspleen,1153523622310547456,2019-07-23 04:33:57,,,fire alarm just went off and no one woke up except for me and that‚Äôs a little fucking concerning bc im moving ??????????????,,23
carenhall90,1153523616522412032,2019-07-23 04:33:56,,,"one of my residents pulled the fire alarm tonight, and i had to deal with a bunch of firefighters and police üôÑ",,22
dyosuns,1153523611178807296,2019-07-23 04:33:54,,,he's spitting fire tho... unpretty rapstar chanyeol teas,,8
lexiecookie12,1153523604937760769,2019-07-23 04:33:53,,"Place(_api=<tweepy.api.API object at 0x000002C01AF33C18>, id='1c67f9d9cbae7f69', url='https://api.twitter.com/1.1/geo/id/1c67f9d9cbae7f69.json', place_type='city', name='Des Moines', full_name='Des Moines, IA', country_code='US', country='United States', contained_within=[], bounding_box=BoundingBox(_api=<tweepy.api.API object at 0x000002C01AF33C18>, type='Polygon', coordinates=[[[-93.709504, 41.501409], [-93.503235, 41.501409], [-93.503235, 41.6514656], [-93.709504, 41.6514656]]]), attributes={})",I wanted wingz so badüò© now i cant wait to go to work tomorrow &amp; make a fire ass burger üòçüò©,,21
robtheworld,1153523602320265217,2019-07-23 04:33:52,,,"Avengers: Endgame Cast Sings ""We Didn't Start the Fire"" https://t.co/suqqAGTCwV via @YouTube",,12
smbjettyfiremen,1153523601942839296,2019-07-23 04:33:52,,"Place(_api=<tweepy.api.API object at 0x000002C01AF33C18>, id='a612c69b44b2e5da', url='https://api.twitter.com/1.1/geo/id/a612c69b44b2e5da.json', place_type='admin', name='Arizona', full_name='Arizona, USA', country_code='US', country='United States', contained_within=[], bounding_box=BoundingBox(_api=<tweepy.api.API object at 0x000002C01AF33C18>, type='Polygon', coordinates=[[[-114.818269, 31.3322463], [-109.0451527, 31.3322463], [-109.0451527, 37.004261], [-114.818269, 37.004261]]]), attributes={})",@EshreveAZ Dumped on the cellar fire but were getting lots of cloud to ground south of the icp,,18
arysa91,1153523600604971011,2019-07-23 04:33:52,,,@ImJustOtherWeeb Definitely crazy. We were rarely in the 100s when I was a kid. The world is on fire üò§,,20
BME211,1153523599522881536,2019-07-23 04:33:52,,,@elcaminosway Em‚Äôs verse was fireüî•. People just hate cause he wasn‚Äôt talking about selling bricks and shit and caus‚Ä¶ https://t.co/u9QDciGl1h,,20
heauxfashion,1153523583198617600,2019-07-23 04:33:48,,,@unfriendlyblk great advice u right n also rice n beans fire so u r doing great im proud of u for transitioning all da way ü•∫üíõ,,26
LadyInWaiting25,1153523579339907072,2019-07-23 04:33:47,,,"@bonzey1171 @CorbieCrow @fire_american @POTUS @realDonaldTrump You‚Äôre shocked because you didn‚Äôt do your research, and VET him.",,16
PCEMBostwickWx,1153523578954047489,2019-07-23 04:33:47,,,Weather summary for July 22 at PCEM Bostwick Fire Station (https://t.co/l8OWsRPPlp) https://t.co/EbBJTi0k3w,,12
Shebabasmom,1153523578379362305,2019-07-23 04:33:47,,,"@hitRECordJoe I went with my mother and stepfather to see Independence Day, the theater was packed, opening night,‚Ä¶ https://t.co/0uMT9ct4j8",,19
afro_insider,1153523575866953729,2019-07-23 04:33:46,,,"Cameroon:Fire, gunshots envelope Kondengui as ‚ÄòAmbazonia‚Äô https://t.co/lRgIwpcgVV https://t.co/k16VEJ6Pbe",,8
BunchesOfBees,1153523571219501056,2019-07-23 04:33:45,,,It‚Äôs like if two characters were having a heartwarming conversation while one of them was juggling fire on a tight‚Ä¶ https://t.co/5OP80j3jLQ,,21
abswlf,1153523570145992704,2019-07-23 04:33:45,,,@Cubs team is garbage. They suck you in by beating some bad teams at home only to do what they do best and blow gam‚Ä¶ https://t.co/02hodUEyK9,,26
cxapplesauce,1153523566723379201,2019-07-23 04:33:44,,,@TheLifeOfLane like a dumpster fire ü•≥,,6
Kadoseneye,1153523558146027521,2019-07-23 04:33:42,,,@DavidBegnaud @WapaTV It was the police with tear gas that started the fire.,,13
SpitfireIA,1153523539770654720,2019-07-23 04:33:37,,,"vinland saga, dr stone, and astra lost in space .... (the two halves are fire force, which i have dropped bc i cann‚Ä¶ https://t.co/Kqvlg10CUo",,24
halfalve,1153523525728251904,2019-07-23 04:33:34,,,"Come here I‚Äôm bout to take u higher
We about to set this love on fire
ireon neukkim cheoeumiya
eommado mot mallyeos‚Ä¶ https://t.co/39Yq4w9OYG",,23
linoystyles5,1153523522607767554,2019-07-23 04:33:33,,,@okayliahh Fire üî•üî•,,3
DastardlyDeacon,1153523516479823872,2019-07-23 04:33:32,,,"@TepigBlaster did you fucking randomize the types of moves

i did that one time and got fire vine whip",,19
irreIevantnick,1153523509156614145,2019-07-23 04:33:30,,"Place(_api=<tweepy.api.API object at 0x000002C01AF33C18>, id='5c43cbdfce4d3247', url='https://api.twitter.com/1.1/geo/id/5c43cbdfce4d3247.json', place_type='city', name='Mississauga', full_name='Mississauga, Ontario', country_code='CA', country='Canada', contained_within=[], bounding_box=BoundingBox(_api=<tweepy.api.API object at 0x000002C01AF33C18>, type='Polygon', coordinates=[[[-79.810142, 43.373074], [-79.422004, 43.373074], [-79.422004, 43.737414], [-79.810142, 43.737414]]]), attributes={})",@stifeforrant that's a whole lotta fire,,6
rmhooks_94,1153523506593841152,2019-07-23 04:33:30,,,"@aKaButt Where is your fire type, why is a space empty, tf you have a zubat in there wtf in Pok√©mon is going on here",,25
Al2Sauccy24,1153523505968771073,2019-07-23 04:33:29,,,This AND new music by The 1975? the month of August bout to be fireüò≠ https://t.co/vp02dVFsdg,,16
_theDL,1153523502005260288,2019-07-23 04:33:28,,,@bradyabates The black sand shots are fire üëÄ,,8
Neelakaranam,1153523498498682880,2019-07-23 04:33:28,,,"Be fearless in the pursuit of what sets your soul on fire.
#quote #fearless #TuesdayMotivation https://t.co/e5JqnCCNe7",,16
JaeAIK,1153523491238322176,2019-07-23 04:33:26,,,I can't believe the crest are just triforce pieces that you have to collect in an open world RPG. Was Fire Emblem T‚Ä¶ https://t.co/zw0BED7YpL,,24
Caaaaaaffeine,1153523489971683330,2019-07-23 04:33:26,,,BLOOD ON FIRE PUMPIN' THROUGH MY VEINS,,7
NatasiaGascon,1153523487421505536,2019-07-23 04:33:25,,"Place(_api=<tweepy.api.API object at 0x000002C01AF33C18>, id='59612bd882018c51', url='https://api.twitter.com/1.1/geo/id/59612bd882018c51.json', place_type='city', name='Santa Monica', full_name='Santa Monica, CA', country_code='US', country='United States', contained_within=[], bounding_box=BoundingBox(_api=<tweepy.api.API object at 0x000002C01AF33C18>, type='Polygon', coordinates=[[[-118.5173575, 33.9951771], [-118.443482, 33.9951771], [-118.443482, 34.050199], [-118.5173575, 34.050199]]]), attributes={})",Anyone have word on a large fire burning in or near Santa Monica? I smell it in the air and all the local fire brigades are passing me by...,,29
xigbarbot,1153523484498153472,2019-07-23 04:33:24,,,"‚ÄúWell, this is a nice dumpster fire.‚Äù Xigbar left as well.",,11
jandrok26,1153523476814319617,2019-07-23 04:33:22,,,@DavidBegnaud Proof that the police started the car fire. Protesters tried to save it. https://t.co/cQUSTYTVfL,,15
pumpkinperyton,1153523473358082048,2019-07-23 04:33:22,,,I just got result 'Golden Deer' on quiz 'Fire Emblem Three Houses: House Decider'. What will you get? https://t.co/um7A1jLOS7,,19
VelvetSeaWader,1153523472661975040,2019-07-23 04:33:21,,,My @amazon fire stick died üò≠üò≠ it won't turn on and I've tried all the turn off / resets I possibly could üò£,,23
Kenny_west_side,1153523471307034624,2019-07-23 04:33:21,,,@linarodrgz Start a fire,,4
cweilemann,1153523465061842944,2019-07-23 04:33:20,,,.@Cubs Please take this message to Theo &amp; Jed: Not having a reliable leadoff man who can get on base &amp; steal bases‚Ä¶ https://t.co/nQ8IcJtlw8,,24
Onlyesskay,1153523464243830784,2019-07-23 04:33:19,,,"This is nothing new.
Earlier, US wanted Indian army to join in the Ops against Talibans.
Now that its tail is on fi‚Ä¶ https://t.co/UeNHX2foWo",,24
purpleschala,1153523454362173440,2019-07-23 04:33:17,,,THREE HOUSES DROPS THIS WEEK AND THE FE HYPE IS OFF THE HOOK!  I recorded a Fire Emblem Piano Collections album two‚Ä¶ https://t.co/ykjCSVhLhd,,23
Rashidaaah,1153523453288259584,2019-07-23 04:33:17,,,"-to each other &amp; mostly uses timber materials, making it prone to fire-spread. We need to prevent huge fire disaste‚Ä¶ https://t.co/cW5ZOg1DeD",,21
malloc42,1153523451170136064,2019-07-23 04:33:16,,,@dropsoul @PiedViper @peterboghossian what if you are at a hospital and your junk is on fire?,,16
Setso_G,1153523440550367233,2019-07-23 04:33:14,,,My chest is on fire! üò≠üò≠üò≠,,6
511WI,1153523438587392000,2019-07-23 04:33:13,,,Cleared | LA CROSSE Co | Fire | I-90 EB | MILE MARKER 016 | Right Lane | https://t.co/tYLOLcVAKG,,19
w__maier,1153523438516092928,2019-07-23 04:33:13,,,@MananGuptsss Don‚Äôt start the fire if you can‚Äôt take the heat https://t.co/Jp0xVVDPVl,,12
eastonstacy_,1153523431436181504,2019-07-23 04:33:12,,"Place(_api=<tweepy.api.API object at 0x000002C01AF33C18>, id='7f7d58e5229c6b6c', url='https://api.twitter.com/1.1/geo/id/7f7d58e5229c6b6c.json', place_type='admin', name='Tennessee', full_name='Tennessee, USA', country_code='US', country='United States', contained_within=[], bounding_box=BoundingBox(_api=<tweepy.api.API object at 0x000002C01AF33C18>, type='Polygon', coordinates=[[[-90.310298, 34.982924], [-81.646901, 34.982924], [-81.646901, 36.678119], [-90.310298, 36.678119]]]), attributes={})",@annhlol Arby‚Äôs Fire,,3
MattGalkaFox10,1153523426235039744,2019-07-23 04:33:10,,,This is a video from my neighbor. Lightning or maybe wind sparked a fire and lit up the casita in the backyard in P‚Ä¶ https://t.co/Y1Jvbp8Mic,,25
kksteffany,1153523418974871553,2019-07-23 04:33:09,,,This new expedited removal policy is a dumpster fire,,9
cordy_fox,1153523412624695298,2019-07-23 04:33:07,,,"You're on fire
The way you dance with the devil tonight
You're on fire
You got that last dance look in your eyes",,23
newshubgy,1153523412448317440,2019-07-23 04:33:07,,,Mother dies in Corentyne fire https://t.co/ayybMSYhOu https://t.co/k2jM65DcZU,,7
anniemodica,1153523412238606336,2019-07-23 04:33:07,,,@realDonaldTrump Pants on fire again.,,5
HotMetalmag,1153523408136802304,2019-07-23 04:33:06,,,High On Fire announce US Fall tour dates with Power Trip https://t.co/EPE634UdZG,,12
Herrmann_Turme,1153523406480039936,2019-07-23 04:33:06,,,"@felipegomez1960 gas canister fires 

https://t.co/WHr7a9SXi5",,5
rajtheair2,1153523404273700864,2019-07-23 04:33:05,,,"Your eyes burn through me,
Oh, like a raging fire.
I fall blissfully,
Every time you say just one little word.
You‚Ä¶ https://t.co/GRAfX7ytDq",,23
ikanrawrr,1153523404110270465,2019-07-23 04:33:05,,,My family's at a rented cottage and you know how loud my little sister can get.. literally sitting by the fire and‚Ä¶ https://t.co/KZAV5nOO9z,,23
Carlos_Neighbor,1153523400406523904,2019-07-23 04:33:04,,,@dezrossette saw your manz earlier today. His fit was absolute fire üî•üî•,,12
kelseywinsor,1153523399538302976,2019-07-23 04:33:04,,,"This was the primary problem with the 2010 Schultz Fire, which yielded large debris flows, caused 1 death, and cost‚Ä¶ https://t.co/6UqCxXhNkt",,21
little_mswriter,1153523399370694656,2019-07-23 04:33:04,,,"@SomosLaClara Cc: @DavidBegnaud Hey, David, here‚Äôs a video of how a tear gas can set this car on fire",,19
kingslayer25,1153523381901385728,2019-07-23 04:33:00,,,New Fire Force chapter was HEAT.,,6
SmokeLegend,1153523381574230016,2019-07-23 04:33:00,,,"@redsquirrel_7 @blackroomsec Plasma cutter would do it, but it might also sent it on fire... so user milage may very",,20
nbnylemagazine,1153523375207321600,2019-07-23 04:32:58,,,"Calcifer be like, ""It's hard out here for a Fire Demon!""  #HowlsMovingCastle https://t.co/LNtJOCAw2Q",,13
Xaytoven__,1153523371788918784,2019-07-23 04:32:57,,,it‚Äôs like they took turns with fire mfs and ass mfs https://t.co/998iH0tqNG,,12
uzluv2h8me,1153523367665815555,2019-07-23 04:32:56,,,I just wanted to watch Euphoria and go to bed at a decent hour. The got damn fire alarm is going off in the whole building.,,26
lalelewmanoban,1153523365816098818,2019-07-23 04:32:56,,,@jesdumm @gojekindonesia I REALLY NEED FIRE CHICHKEN RICHEESE,,8
NorsemanActual,1153523360862789637,2019-07-23 04:32:55,,,".@SenGillibrand - Due Process...you should learn what that means. Your approach was akin to Ready, Fire, Aim!",,17
aevertrees,1153523360585793536,2019-07-23 04:32:55,,,"@JaneLeBreton64 @cdnliberalparty Dear White Supremecists, Most human lives u risk w #TMX ,like the ~30,000 ppl like‚Ä¶ https://t.co/6qSRbqMtjD",,18
gcksj,1153523347382296576,2019-07-23 04:32:52,,,@jimnsluv fire,,2
jorgegomez037,1153523346199502849,2019-07-23 04:32:51,,,@DavidBegnaud proof that police caused the car fire in San Juan protests https://t.co/AhmmUmJ7zJ,,13
Addiict_,1153523343578095616,2019-07-23 04:32:51,,,@flashbtw Where's the mf actives this shit is fireüòçüòçüòç,,9
LadyAnnatar,1153523343238356996,2019-07-23 04:32:51,,,"Mairon: *that fire in his eyes dims rather abruptly* The One Ring, is /technically/ a piece of jewelry *he admits s‚Ä¶ https://t.co/GcnTCWVzQB",,22
ggtmbankhead,1153523330370195457,2019-07-23 04:32:48,,,Who got the hookup with the jail broken fire sticks üëÄ,,11
LadyInWaiting25,1153523322132582401,2019-07-23 04:32:46,,,"@bonzey1171 @CorbieCrow @fire_american @POTUS @realDonaldTrump He ran for President to help the wealthy, not the poor.",,16
comicalwagner,1153523315396567042,2019-07-23 04:32:44,,,@PhoenixTruths @_AuberonHerbert @Mr_Abysmalyxia @TheMartyrSpeaks @The_Real_BiM @lucidunity2 @Anarchofree‚Ä¶ https://t.co/QrdBdu0Geq,,8
SearingHellFire,1153523311546118147,2019-07-23 04:32:43,,,"@HellKnightWrath Pulling him close, a tornado of fire would wrap around them before causing the pair to vanish befo‚Ä¶ https://t.co/V7ctztQo7I",,20
TheBernardWest,1153523297340014593,2019-07-23 04:32:40,,,@BrewGiants @DWodders @TostitoF Emcc was better I agree but the show is still fire,,14
pkklass,1153523295834320896,2019-07-23 04:32:39,,,"@guardiannews Liar, liar pants on fire!!",,6
walstib57,1153523290817699840,2019-07-23 04:32:38,,,@MagsVisaggs @AngryOrchard Damn you AO! I have a 12 pack on ice. Now WTF am I supposed to do with it?! And Sam Adam‚Ä¶ https://t.co/iJYAoKAcVk,,25
PraxisMore,1153523289039486976,2019-07-23 04:32:38,,,@mxdecolonialist Having several thousand followers sounds stressful af. Ultimately if twitter is dominating your ti‚Ä¶ https://t.co/ClLEKMMKlP,,16
RoxanaFire,1153523281611362306,2019-07-23 04:32:36,,,Units responding to a report of a Transformer Fire on Daisey Rd in Frankford,,14
PKFinal,1153523278084018177,2019-07-23 04:32:35,,,"Ness:
- PK Fire
- Yo-yo edgeguard
- Back throw
- PK Fire https://t.co/AL9NGRuQDs",,14
dee4peace,1153523266553884672,2019-07-23 04:32:32,,,"The first full day of the Leo Sun. Shine on.
July 23: The morning hours race by. The Aries Moon, never shy about ge‚Ä¶ https://t.co/xorBTh0EXf",,25
denuribe73,1153523262917210118,2019-07-23 04:32:31,,,"As more than 200 fires burn in Alaska, an all-women's fire crew is headed there to help out. - CNN https://t.co/m11st5aDwf #SmartNews",,22
ultimatedj,1153523262208397312,2019-07-23 04:32:31,,,@AppleMusic September by Earth Wind &amp; Fire,,7
rowdyruffboy006,1153523261784952832,2019-07-23 04:32:31,,,this is fire idc https://t.co/7b0bxachGF,,5
dill_stevens,1153523259754893313,2019-07-23 04:32:31,,,"@cambarrrie @_noahsmiith dude, the end of white ferrari is so fire tho",,12
nadyachance11,1153523257464672256,2019-07-23 04:32:30,,,"Fire, burning me up. Desire, taking me so much higher. And leaving me whole - fire",,16
timbray,1153523251491954688,2019-07-23 04:32:29,,,@stshank @googledrive @googlephotos @Lightroom I've been gestating a blog on this for a couple of months and was ab‚Ä¶ https://t.co/Qig5k0ea9u,,20
julianakilrose,1153523249709486080,2019-07-23 04:32:28,,"Place(_api=<tweepy.api.API object at 0x000002C01AF33C18>, id='8173485c72e78ca5', url='https://api.twitter.com/1.1/geo/id/8173485c72e78ca5.json', place_type='city', name='Atlanta', full_name='Atlanta, GA', country_code='US', country='United States', contained_within=[], bounding_box=BoundingBox(_api=<tweepy.api.API object at 0x000002C01AF33C18>, type='Polygon', coordinates=[[[-84.576827, 33.6475029], [-84.289385, 33.6475029], [-84.289385, 33.8868859], [-84.576827, 33.8868859]]]), attributes={})",@_baemani Ok but LA was on fire...and shakes,,8
painfulabuse,1153523246941085696,2019-07-23 04:32:28,,,"Out of the fire, and into the frying pan...  from #fakefriends to #Narcissists... just stay away from them all. #Lesson",,20
Connor_Baron,1153523244961415168,2019-07-23 04:32:27,,,Patriot drama right on time to fire him up for training camp https://t.co/E70gYjLqRn,,13
balmain_deezi,1153523244244361216,2019-07-23 04:32:27,,,Shit fire but I just need it to be a lil more on beat üò≠ https://t.co/QRjVKfkBdN,,16
slathe,1153523238183374848,2019-07-23 04:32:26,,,"@leahmcelrath @EARTH3R This is not a new phenomena but this years burned acreage a set records. 

Scientists have b‚Ä¶ https://t.co/Gh0y18jZFN",,20
EduardoRg_,1153523233754374145,2019-07-23 04:32:25,,,@RonnieFieg @CocaCola @KITH This colab looking fire already,,8
RaychelTania,1153523233003429888,2019-07-23 04:32:24,,,"@AOC You hurt immigrant kids denying them beds and funding, and it makes them cry that you refuse to even denounce‚Ä¶ https://t.co/N9BHkQbN38",,22
kuroha_enbot,1153523227706056704,2019-07-23 04:32:23,,,"Hey, I hope you're like Ene, because you're going to need a good fire wall for this Trojan.",,18
gazedkth,1153523225973919749,2019-07-23 04:32:23,,,fire truck nct 127 https://t.co/CMLcFME7Pb,,5
reassemblyline,1153523216566161412,2019-07-23 04:32:20,,,come on this underwater excitebike shit is dumb i just wanna see fire,,13
HexingKitsune,1153523214905044992,2019-07-23 04:32:20,,,"@_Cofagrigus ""I recently stepped forth from the the netherworld that is our Ghost World to wander about the land of‚Ä¶ https://t.co/mIm7OxL61F",,21
LadyInWaiting25,1153523204700418048,2019-07-23 04:32:18,,,@bonzey1171 @CorbieCrow @fire_american @POTUS @realDonaldTrump Had you researched his business record before you vo‚Ä¶ https://t.co/IPjKisZKeN,,15
MsMacabre267710,1153523200287891456,2019-07-23 04:32:17,,"Place(_api=<tweepy.api.API object at 0x000002C01AF33C18>, id='9d7b47e751be1551', url='https://api.twitter.com/1.1/geo/id/9d7b47e751be1551.json', place_type='city', name='Pueblo', full_name='Pueblo, CO', country_code='US', country='United States', contained_within=[], bounding_box=BoundingBox(_api=<tweepy.api.API object at 0x000002C01AF33C18>, type='Polygon', coordinates=[[[-104.69356, 38.200638], [-104.5519919, 38.200638], [-104.5519919, 38.338462], [-104.69356, 38.338462]]]), attributes={})",Enjoying a fire in the nice light rain!!! https://t.co/pZYPTFIwNk,,9
forzagaming1111,1153523199478566917,2019-07-23 04:32:16,,,@JavierBaez_MVP Goldshit is on fire,,5
hfdincidents,1153523199164002306,2019-07-23 04:32:16,,,Fire Event - E048 - Hummingbird St - Windwood Dr - 23:28 - https://t.co/CXxYjhUvoR,,14
cristianmarroyo,1153523194156003329,2019-07-23 04:32:15,,,UPDATE: This video shows the moment when a teargas can thrown by the police hit a car and ignited a fire. Protester‚Ä¶ https://t.co/allvDz6X1Z,,23
go6lackxo,1153523187809808385,2019-07-23 04:32:14,,,@chizoofvmous You‚Äôre out here on my timeline oozing all of this fire and sexiness and the colors üò≠üî•üî•üî•üòçüòç,,18
joseph28351238,1153523180209762305,2019-07-23 04:32:12,,,"@TDLockett12 You the man, Lockett.  You should get some Froyo at Menchie‚Äôs for making it into the top 100.  They go‚Ä¶ https://t.co/AoTXOB8xjY",,22
TheSwoleNegus7,1153523168222568450,2019-07-23 04:32:09,,,"Forgive me yall b.u.t Niecy Nash....probably got FIRE nudes lmaoo just saying. 

Dont kill meü§¶üèø‚Äç‚ôÇÔ∏è",,15
DiscoRhythm,1153523164854530048,2019-07-23 04:32:08,,,Now Playing:  Light My Fire - Amii Stewart  Listen Live: https://t.co/819vB4p34b https://t.co/NJn0hUtRtw,,12
ippennokuinashi,1153523157501767683,2019-07-23 04:32:06,,,The B-side for Fire Bird is Ringing Bloom and I'm frothing at finally getting the full version of it,,19
AmandaABC7,1153523149167665153,2019-07-23 04:32:04,,,"‚ÄúHe shouldn‚Äôt have survived. He did‚Äî and it‚Äôs because of that officer,‚Äù Beth Koenig said. She recorded the rescue.‚Ä¶ https://t.co/VfK5CRULhU",,20
Jimmy_Ribeiro,1153523145409781760,2019-07-23 04:32:03,,,@Lunarrstrology All that fire screams military. All my heavy fire people have served. Iron fist with a velvet glove‚Ä¶ https://t.co/vNfjC0lcrx,,20
nateb39007,1153523128254914561,2019-07-23 04:31:59,,,"So I have totally forgotten about this since it's all Fire Emblem hype this week.....

But the Kill La Kill game co‚Ä¶ https://t.co/gf57oF8b3g",,23
cubsfan2033,1153523125813948416,2019-07-23 04:31:59,,,@CharlsMeow Fire Joe Maddon.,,4
fairyofthesea1,1153523119174377472,2019-07-23 04:31:57,,,"@firespiritbott {Sea stares, silently....nodding at Fire.}

Do us all a favor. Extinguish your flames. This will be your greatest deed.",,20
TheHakiGodJulio,1153523118255816705,2019-07-23 04:31:57,,,Fire forceüî•‚ù§Ô∏èüòç https://t.co/4LQUNCn1pd,,3
seokj_n,1153523118218141696,2019-07-23 04:31:57,,,fire truck nct 127 https://t.co/Mrxe5vBa2k,,5
Kristyn_E_Start,1153523115957379072,2019-07-23 04:31:56,,,"#Roadtrip my first time in #Tennessee. I always thought #TheSmokeyMountains was describing the color, like #RedRock‚Ä¶ https://t.co/mjDQgLRnqz",,17
OWultbot,1153523108747366407,2019-07-23 04:31:55,,,Fire at will!,,3
j_williams_33,1153523106948026369,2019-07-23 04:31:54,,,@cagesideseats *woman. Fire you social media guy.,,7
Josef_Han,1153523097363873792,2019-07-23 04:31:52,,,@Julie_JKT48 Call 911 fire burning,,5
tacoslanga,1153523096877522949,2019-07-23 04:31:52,,,"‚ÄúDo you know what‚Äôs in this lighter?‚Äù
Me: ‚ÄúFire?‚Äù
Why am I this way?",,14
PrincePoopy,1153523096038645760,2019-07-23 04:31:52,,,@KonekoPlayM3 @TheDemonEyeX @TreeckoBro No it's just that trying to fire him for one bad turn is selfish,,17
SheenAngeli,1153523095035994112,2019-07-23 04:31:51,,,@LisaGObase @ygofficialblink Playing with fire #MTVHottest BLACKPINK @ygofficialblink,,8
TheNelGOD,1153523092401971200,2019-07-23 04:31:51,,,@Crawford_MILB The giants are on fire. They should trade for Minor and Pence,,13
_mercedesbands,1153523092356063237,2019-07-23 04:31:51,,,@ianbatl Cool ass dude with a fire taste in music üôåüèº,,11
GDP_07,1153523091089367040,2019-07-23 04:31:50,,,"@trustednerd Fire and Brimstone time..  Geez, they are becoming parodies of themselves..",,12
TigeWright,1153523075545280513,2019-07-23 04:31:47,,,"You can fire one thing from your fingertips during climax. What is it?
I choose kettle chips.",,17
ChrisDo21217953,1153523072831377408,2019-07-23 04:31:46,,,@KamalaHarris Stop playing the race card. Screaming racism at every turn is a lot like screaming fire in crowded th‚Ä¶ https://t.co/klZrSuyIy5,,21
JaeAIK,1153523072227373056,2019-07-23 04:31:46,,,"Wow! If your an archer with 2 range and they come attack, you can go into this real time event where you slap em ba‚Ä¶ https://t.co/cOvNMm1z3p",,26
rajtheair2,1153523070117613569,2019-07-23 04:31:45,,,"Your eyes burn through me,
Oh, like a raging fire.
I fall blissfully,
Every time you say just one little word.
You‚Ä¶ https://t.co/YrToPxHnjp",,23
Ynieeeeeee,1153523069215858688,2019-07-23 04:31:45,,,you are... my fire,,4
LilMammaa_,1153523067555065856,2019-07-23 04:31:45,,,I want some fire shit tho and Walmart is not gonna cut it fr me,,15
ItsHerMachs,1153523064941899776,2019-07-23 04:31:44,,,Like hate to the point of burning it with me in the fire.,,13
lynxmc1,1153523063910293504,2019-07-23 04:31:44,,,@AP Now if we can fire trump who actually is the main source of such racist extremism!!,,17
JadeJannelle,1153523060613496833,2019-07-23 04:31:43,,,The fire stick remote needs to come with a locator üôÑ,,11
deegre,1153523046826872836,2019-07-23 04:31:40,,,@ChicagoCubsHQ @Cubs FIRE MADDON TONIGHT!,,5
monster12537,1153523042946932736,2019-07-23 04:31:39,,,Fire Emblem Three Houses looks promising. Can't wait to play that for a month before Borderlands 3 comes out.,,19
ProfMomentBot,1153523038136066048,2019-07-23 04:31:38,,,WHY AM I STUCK IN A FIRE WITH A FREAKIN GNOME,,11
yellownico21,1153523032855592962,2019-07-23 04:31:37,,,When I get panic attacks I can't breathe and my chest is tight and it feels like it's on fire. My head feels like‚Ä¶‚Ä¶ https://t.co/JkV5UB2fmA,,25
soldier_777,1153523031081410560,2019-07-23 04:31:36,,,"Justice for Vasiliy, a defenceless #cat set on fire in Russia! Plz sign: https://t.co/Y844mWAqkM https://t.co/KWLox8CxBi",,15
doulikebananaa,1153523026719322112,2019-07-23 04:31:35,,,DIANAAAAA LET ME BE THE ONE TO LET THE FIRE INSIDE THOSE EYES üî•,,14
IDEASOFICE_FIRE,1153523019127644161,2019-07-23 04:31:33,,,My New Dune Video is currently available on Patreon. It will be available to everyone at 12 p.m. EST.,,19
fantasfico,1153523018859188225,2019-07-23 04:31:33,,,"dumbass police officers threw a tear gas canister and it shattered a car window, setting the car on fire. ARE THEY‚Ä¶ https://t.co/4qgGR2HuHg",,22
test5f1798,1153523017466699777,2019-07-23 04:31:33,,,https://t.co/MyXYbYlWuG : 46840342-80bb-48ab-b7a9-75b59c219240,,3
BestReviewsTips,1153523012060291072,2019-07-23 04:31:32,,,10 Top Outdoor Fire Tables https://t.co/tp3aa1ETp1,,6
s1sterp1stol,1153523009258283008,2019-07-23 04:31:31,,,@DeeJ_BNG The fun of my fire team kicking ass and having doing it @ChristianVanHoy,,14
CoBerkeley,1153523005827551233,2019-07-23 04:31:30,,,@Kschessinska_23 I cannot tolerate this flavourless food in the UK and you are complaining about the spices? Arif C‚Ä¶ https://t.co/3c2XijuO6E,,20
IArtbot,1153523005668188163,2019-07-23 04:31:30,,,"Elinor, not tell him more anxious for that the horror, and allowing the manners were by the fire with her.",,20
BayeIsABore,1153522998604791809,2019-07-23 04:31:28,,,"@fenris_fire @ovaettr I mean, it is all my interests and hobbies boiled into a single shirt, id buy it.",,19
UtopaeanBeauty,1153522997304680449,2019-07-23 04:31:28,,,"@KumunguHybrid ""Yes... that is the fire. When it's free. This is what I had hoped to keep under control.""

She soun‚Ä¶ https://t.co/XvYZGhOtCD",,22
ITVborder,1153522995060756480,2019-07-23 04:31:28,,,"Good morning! @SarahKellyITV has the @ITVborder @GMB headlines
- @UniteUnion members at Sellafield end pay dispute‚Ä¶ https://t.co/uA9NhvPB0o",,17
duckqueen112873,1153522989247467520,2019-07-23 04:31:26,,,AND EVIL IS VERY WRONG!! THE AGE OF AQUARIUS IS ETHER AND WATER....THERE IS NO FIRE ELEMENT TO AQUARIUS....NOT TO S‚Ä¶ https://t.co/x52rnnIzdV,,22
monaFbaby,1153522987091578882,2019-07-23 04:31:26,,,@christamar_ Fire stick,,3
thenetzerohero,1153522985694724097,2019-07-23 04:31:25,,,@Upat3music @JayIsPainting Here‚Äôs hoping some neighbour doesn‚Äôt fire up the leaf blower in the middle of that perfect take.,,19
MaddHattPatt,1153522979038535681,2019-07-23 04:31:24,,,"@NicRNack It could be, Ive seen a ton with fire breathing chickens too lol! im usually cool with spicy but hoo boy‚Ä¶ https://t.co/FbEQGNipwI",,23
papisanders,1153522978547802112,2019-07-23 04:31:24,,,loaded potato griller from taco bell so fire,,8
Jhnbny,1153522978056880128,2019-07-23 04:31:24,,"Place(_api=<tweepy.api.API object at 0x000002C01AF33C18>, id='3b77caf94bfc81fe', url='https://api.twitter.com/1.1/geo/id/3b77caf94bfc81fe.json', place_type='city', name='Los Angeles', full_name='Los Angeles, CA', country_code='US', country='United States', contained_within=[], bounding_box=BoundingBox(_api=<tweepy.api.API object at 0x000002C01AF33C18>, type='Polygon', coordinates=[[[-118.668404, 33.704538], [-118.155409, 33.704538], [-118.155409, 34.337041], [-118.668404, 34.337041]]]), attributes={})","I'm a hot fire pit. Sometimes I'm a volcano. Okay, I'm never really an ice block... üî•",,17
MikeCanulSJ,1153522976530112512,2019-07-23 04:31:23,,,@network_echo  hey guys I was wondering how force sensitive Coach is - I mean I‚Äôve seen him start and finish senten‚Ä¶ https://t.co/c31bBjoHBB,,22
DeezyKnowsBest_,1153522967462252550,2019-07-23 04:31:21,,,My personality fire doe üî•ü§ß https://t.co/M3qhqAhv5I,,6
MarioKMentasti,1153522949103792128,2019-07-23 04:31:17,,,@LorynStone @JamesGavsie Hand burning metal skewers? LUXURY! When I was young we used the toothpicks the camp couns‚Ä¶ https://t.co/7EWTb2PJrB,,19
young_yusuke,1153522943936348160,2019-07-23 04:31:15,,,@ALPHA_LAWW Movie was fire,,4
MotivationTy,1153522933597384704,2019-07-23 04:31:13,,,"Ya'll ever notice, you can get a Sprite from ANYWHERE and its perfectly fine, yet when you order a Sprite from McDo‚Ä¶ https://t.co/8PSU6QCUbD",,23
Bebe194970148,1153522932238319616,2019-07-23 04:31:13,,,Tonight‚Äôs the #MasterChefAU finale and it should be George Calombaris‚Äô last. Sign the petition and let @Channel10AU‚Ä¶ https://t.co/lpobme6Gvd,,18
nsprnews,1153522930975793153,2019-07-23 04:31:12,,,.@NorCalCRT helps survivors of the Carr and Delta fires recover. Catch up with Common Ground for Common Good. https://t.co/lU3dTa1xIv,,19
Q914_,1153522928551702529,2019-07-23 04:31:12,,,"talk about:
1. Too Indecisive 
2. Dweeb
3. If I seen her on fire and had a bucket of water I‚Äôd DRINK it
4. Hatred i‚Ä¶ https://t.co/TGKDluAzRp",,27
bonnielynnee,1153522918321721348,2019-07-23 04:31:09,,,@emyguay ur fucking fire üò©üíï,,5
artcorecoil,1153522908905582592,2019-07-23 04:31:07,,,@Killer_Draco O ok it might just be coincidentally when i hit em w a fire thing their hp was low enough that their‚Ä¶ https://t.co/Y1sKb4Ijnz,,24
H20surfer1,1153522906023882752,2019-07-23 04:31:06,,,I hope Theo is on the way down to fire Joe. #cubs,,12
GinaLawriw,1153522901838172161,2019-07-23 04:31:05,,,Meghan Markle &amp; Prince Harry's Birthday Wish Is Under Fire https://t.co/IVpTQNvu1r via @enews,,13
zangazulugirl,1153522897857798144,2019-07-23 04:31:04,,,@NkosiJeromeZung You are so intelligent from reading some if the judgement. You will be fire after reading all of it,,20
gazedkth,1153522897534820352,2019-07-23 04:31:04,,,fire truck nct https://t.co/CMLcFME7Pb,,4
xplicitrnb,1153522895353761792,2019-07-23 04:31:04,,,"En ce moment sur https://t.co/OYdAnyf7dB : Alicia Keys - Girl on fire
La stream radio RNB/SOUL hot &amp; cool sur l‚Äôapp‚Ä¶ https://t.co/DwsFwHn0Y4",,22
Airportandie,1153522894129061888,2019-07-23 04:31:04,,,@SethAbramson So for a report that has ‚Äúnothing‚Äù on Trump there sure is a lot of ‚Äúaction‚Äù to keep all silent.  It s‚Ä¶ https://t.co/VVW1WFnJXS,,24
AfghanJesus,1153522884469542912,2019-07-23 04:31:01,,,Is it jus me or do the fits u randomly put together without planning usually turn out fire??,,18
CallithAppleton,1153522881520971779,2019-07-23 04:31:01,,,"@ErikSevern @GWelders80 ((Oh yeah, the WWII RP was rather epic!  I still have shivers from how Jon went out in that‚Ä¶ https://t.co/UHwyhcpNpJ",,22
ayoG3L0,1153522880786735104,2019-07-23 04:31:00,,,i‚Äôm rlly gonna... preorder fire emblem just for the pins. and wear all of them at the risk of losing them all üò©üíï,,23
tryppymane,1153522878647885824,2019-07-23 04:31:00,,"Place(_api=<tweepy.api.API object at 0x000002C01AF33C18>, id='00f751614d8ce37b', url='https://api.twitter.com/1.1/geo/id/00f751614d8ce37b.json', place_type='city', name='Richmond', full_name='Richmond, VA', country_code='US', country='United States', contained_within=[], bounding_box=BoundingBox(_api=<tweepy.api.API object at 0x000002C01AF33C18>, type='Polygon', coordinates=[[[-77.601044, 37.447046], [-77.385297, 37.447046], [-77.385297, 37.61272], [-77.601044, 37.61272]]]), attributes={})",Okay this whole playlist is fire,,6
SupportingLord,1153522874973638656,2019-07-23 04:30:59,,,@GrimlealDaddy It‚Äôs ridiculous for you to think we‚Äôd hand over the Fire Emblem and not attempt to save Ricken of ou‚Ä¶ https://t.co/xVlvl4DcCY,,22
natnatles,1153522874801459201,2019-07-23 04:30:59,,,Where can I download Austin's song???  This shit is fire. #LastChanceU,,11
ImWhat__YouNeed,1153522866845028355,2019-07-23 04:30:57,,,"@_theyLOVEleisha ü§£ I would say it‚Äôs not that bad, but my titty is on fire right now so I‚Äôm with you lol üòÇ",,23
WildFire_Ops,1153522863342804993,2019-07-23 04:30:56,,,All ‚ÄòReady‚Äô Notification lifted for local communities (Cellar Fire Wildfire) https://t.co/hWXIW8HG1B,,11
lindazik4,1153522857772818432,2019-07-23 04:30:55,,,"You don't play with fire
Unless you wanna get burned",,10
PanchoDaFoo,1153522855524610050,2019-07-23 04:30:54,,,@_explicitKLVN ü§£ü§£ they be swearing they shit fire,,8
Len_smoothtalka,1153522854333493249,2019-07-23 04:30:54,,"Place(_api=<tweepy.api.API object at 0x000002C01AF33C18>, id='01983bef79d0f0cf', url='https://api.twitter.com/1.1/geo/id/01983bef79d0f0cf.json', place_type='admin', name='Lusaka', full_name='Lusaka, Zambia', country_code='ZM', country='Zambia', contained_within=[], bounding_box=BoundingBox(_api=<tweepy.api.API object at 0x000002C01AF33C18>, type='Polygon', coordinates=[[[27.7691065, -15.9703669], [30.4215583, -15.9703669], [30.4215583, -14.6431502], [27.7691065, -14.6431502]]]), attributes={})",Does one really need funding to know that the cost of food is high? Or for one to know that they do not have a job‚Ä¶ https://t.co/DL69gLGkPS,,27
TBE_Newbzz,1153522853251358721,2019-07-23 04:30:54,,,@Archivs12 @Charullz @Viciousan Simmer down bootleg fire,,7
_nesspbot,1153522852785733632,2019-07-23 04:30:54,,,"when kiki falls asleep on my browser is quicker to suggest ""flabebe"" or ""fire emblem characters"" tha...",,17
xpruitt_9,1153522852349374465,2019-07-23 04:30:54,,,Yo you on fire? @Cameron7173,,5
JuvenileJolteon,1153522849916882945,2019-07-23 04:30:53,,,"@HexingKitsune Sheesh, first bad luck finding a job, then a sudden forest fire during a nice stroll?
Damn, this Jol‚Ä¶ https://t.co/VDLHhLM19n",,21
xHausOfSethx,1153522848344039424,2019-07-23 04:30:53,,,"@hernameisBANKS Godless, HM, if we were made of water, and stroke. Cant choose one. This whole album is fucking fire. üî•üî•üî•üî•üî•",,21
hardtokiIl,1153522846603390978,2019-07-23 04:30:52,,,name the mutuals who would throw you in a fire ‚Äî @dpsmutual @supportmutuaI https://t.co/GR1lV9eDwW,,14
momodouthegrey,1153522837585637376,2019-07-23 04:30:50,,,"@Nurulaynx ‚Äúbaby‚Äù is a nice touch, you have a fire day today.",,12
talktomeniceplz,1153522833605066752,2019-07-23 04:30:49,,,@idkijustwrkhere @DailyRapFacts shit was fire but i get it if u only listen to one genre,,16
Drifter25,1153522829293424640,2019-07-23 04:30:48,,,"@groundhogbo @VRadke @NOLAnews @AOC No, you create enough friction and you start a fire.  Neither side can claim in‚Ä¶ https://t.co/ROaDGPIhCl",,20
ArvisBot,1153522821068230660,2019-07-23 04:30:46,,,The Fire God Fala is also one of my ancestors. I will use my power to create a world which is free of prejudice.,,24
LouisCanoJr,1153522815934574594,2019-07-23 04:30:45,,,I wish fire spin was that good in the game https://t.co/5I0riJfg4i,,11
Usmanabdulgani9,1153522809139806210,2019-07-23 04:30:43,,,"Father, clear my sleepy head and fill my mind with expectation. Awake my slow body and¬†energize my heart¬†with love‚Ä¶ https://t.co/M6FOpDV7FH",,22
HarryBerbely,1153522795185242112,2019-07-23 04:30:40,,,@SenSchumer Cancer research= coverup of the slow poisoners and fluoride toxicity. Cutting baby dicks to save the ol‚Ä¶ https://t.co/FkTllHGJCM,,19
DantaeTho,1153522794308800512,2019-07-23 04:30:40,,,"@MeekMilly_Fan @MeekMill Spittin' Fire!,&amp;,The Real Shit!üíØ 
Remember Too Stay Humble!,BUD!üíØ",,10
Jack_Mangano,1153522786939412480,2019-07-23 04:30:38,,,Fire every manager at Twitter that forced the designers to do this bullshit. I'm assuming the designers had to be f‚Ä¶ https://t.co/4i5ULbN4fn,,22
darealjinxy,1153522785311965184,2019-07-23 04:30:38,,,PURE FIRE!!! #SHEFELLINLOVE * https://t.co/Us3x0ql8S0 * @TrubChef Prod @xMarcusBrandon &gt;&gt; #TheEliteSociety,,11
stefspeaks,1153522783235837952,2019-07-23 04:30:37,,,On the way home tonight we witnessed a dumpster on fire and also two security guards sitting on top of an Indigenou‚Ä¶ https://t.co/XXaGRx3yeg,,23
XjumauX,1153522779691593728,2019-07-23 04:30:36,,,@_Dpie @brett_media He spits hot fire,,6
odincson,1153522774444367877,2019-07-23 04:30:35,,,@wolvestimes i‚Äôve never had a good experience with a capricorn before and maybe that‚Äôs because i‚Äôm a fire sun but,,20
Vivill0n,1153522767544954880,2019-07-23 04:30:33,,,"@VGMarkis Her design is, dare I say... Fire",,8
martirrr_,1153522765619703808,2019-07-23 04:30:33,,,"Did your mama tell you when something on fire, stop, drop and roll",,13
RadjeDiosa,1153522756476125186,2019-07-23 04:30:31,,,There‚Äôs always some fire on the positive side.,,8
smbjettyfiremen,1153522742483771392,2019-07-23 04:30:27,,"Place(_api=<tweepy.api.API object at 0x000002C01AF33C18>, id='a612c69b44b2e5da', url='https://api.twitter.com/1.1/geo/id/a612c69b44b2e5da.json', place_type='admin', name='Arizona', full_name='Arizona, USA', country_code='US', country='United States', contained_within=[], bounding_box=BoundingBox(_api=<tweepy.api.API object at 0x000002C01AF33C18>, type='Polygon', coordinates=[[[-114.818269, 31.3322463], [-109.0451527, 31.3322463], [-109.0451527, 37.004261], [-114.818269, 37.004261]]]), attributes={})",@Bewickwren We're goin to seen alot more  area around then cellar fire area,,13
shacindananthan,1153522738792787968,2019-07-23 04:30:27,,,A woman named Kuyili (sometimes regarded her adopted daughter) then valiantly doused herself in ghee and set hersel‚Ä¶ https://t.co/Hcu4TKtikn,,19
OldManKup,1153522735571767296,2019-07-23 04:30:26,,,"You're so smart? Lost and damaged, I was taking fire from the legendary Polaron Accountants somewhere near Alruccab‚Ä¶ https://t.co/dyTDlYqKh7",,19
jaas666,1153522735290769408,2019-07-23 04:30:26,,,@DavidBegnaud it was .@PRPDNoticias who set fire to the vehicle https://t.co/ioP6CFCR1E,,11
WH985,1153522732321124354,2019-07-23 04:30:25,,,The fire ants will help. https://t.co/ZyMe2jvGoL,,6
JoshuaLenon,1153522722707664896,2019-07-23 04:30:23,,,"Played 2 hours of sand volleyball tonight, and it was glorious. I really miss the rhythm and geometry of the game.‚Ä¶ https://t.co/5ZV3ifbuFa",,22
HFDfireIncident,1153522720472068096,2019-07-23 04:30:22,,,Car Fire - E056 - Little York Rd - Eastex Fwy Ib - 23:23 - https://t.co/hgF6iTF2Zv,,16
kanizzaine,1153522718165180416,2019-07-23 04:30:22,,,dont play fire with fire,,5
Woodbury134,1153522706614239232,2019-07-23 04:30:19,,,"@naturistbee Maybe you should be fire, because you are hot.",,10
seokiestars,1153522704441434113,2019-07-23 04:30:18,,,DONT FORGET FIRE ASPECT IIüòèüòèüòèüòè‚öîÔ∏è‚öîÔ∏è‚öîÔ∏è‚öîÔ∏èENDER DRAGON WAS GONNA BURNüî•üî•üî•üî• https://t.co/jZPUjU3shj,,10
gigi_fire,1153522701354450944,2019-07-23 04:30:18,,,"Cleaning Fishes.

#streetphotography #streetshot #travellerDiaries #travellerTales #note9tales‚Ä¶ https://t.co/af2Z1rhYG1",,8
Xman_o7,1153522700268105728,2019-07-23 04:30:17,,,"Today was a good day. Rented a cabin in the mountains, fished all day, had a huge fish fry, and now chilling by the‚Ä¶ https://t.co/qRh6J3ibtD",,25
AmazonHelp,1153522695461621760,2019-07-23 04:30:16,,,@IAdityaKulkarni You can purchase the fire stick in Croma stores. ^SP,,11
PowerMusicRad,1153522683302350860,2019-07-23 04:30:13,,,Now playing Gang of Youths - What Can I Do If the Fire Goes Out? on https://t.co/cv15KfI5UI,,17
theedmchild,1153522683092578305,2019-07-23 04:30:13,,,fire AA,,2
bennexrodman,1153522674053931009,2019-07-23 04:30:11,,,@RF_SLYME Yoooo thats the most fire spot fam!,,8
thefactionlive,1153522672850079744,2019-07-23 04:30:11,,,#NowPlaying: Lost (03:22) by Rival Fire on The Faction #thefactionradio @ https://t.co/cmqoV4Bcua https://t.co/6uZLGazgcB,,13
freebandzife,1153522668089610240,2019-07-23 04:30:10,,,Zendaya always been fire yall n¬°ggas just geigh btw,,9
ragh_twt,1153522666751401985,2019-07-23 04:30:09,,,@ANI Can somebody fire him from the parliament for being such a waste and wasting the country's time.,,18
eastunltd,1153522661638705153,2019-07-23 04:30:08,,,Behold our New Chief Justice of Nigeria...Tanko Ibrahim Muhammad...Nigerians MUST have sense by FIRE by FORCE...‚Ä¶ https://t.co/RFzeD37ZYc,,17
dymojenai,1153522656555257856,2019-07-23 04:30:07,,,The Lion King was fire. If y‚Äôall wanted a new story go watch a different lion movie the fuck?,,19
bellaetc_rblx,1153522656446222336,2019-07-23 04:30:07,,,"@lando64000 so it's basically like a math x, y chart? fire (x) is stronger against plants (y) while ofc Fire (x) is‚Ä¶ https://t.co/Ryu5U8jWdY",,23
GregMatthews_,1153522655007576064,2019-07-23 04:30:07,,,@TheBlogfines Imagine how bad this dumpster fire would be if the Ricketts wouldn‚Äôt have ponied up for Kimbrel.,,18
PerryVandell,1153522649886121984,2019-07-23 04:30:05,,,"I told people all hell would break loose right when I took my vacation. 

So far, the Museum Fire is licking at Fla‚Ä¶ https://t.co/Cnf5jzE0hS",,24
nelsonqatlanta,1153522644454653952,2019-07-23 04:30:04,,,"#BREAKING #PuertoRicoProtests 

- Clashes erupted once again in Old San Juan between protestors and police forces‚Ä¶ https://t.co/zUskhQb7Us",,17
SofPia_,1153522640516239360,2019-07-23 04:30:03,,,@DavidBegnaud The car caught fire due to a gas grenade from the police,,13
curlyynayy,1153522634556153857,2019-07-23 04:30:02,,,@hiwotty @catherinekae_ @RAII5X sheesh and ur throat wasnt on fire ??,,11
subtlechemism,1153522629988347906,2019-07-23 04:30:01,,,"""As fire, when brought into a place filled with inflammable substance, will unfailingly ignite it, so fiery thought‚Ä¶ https://t.co/uwELYdtCmH",,19
ksshuttle,1153522627849441280,2019-07-23 04:30:00,,,Hundreds sign petition to save Bewdley Fire Station https://t.co/kTLz7h9uU6,,9
Alfonzowords,1153522627266244608,2019-07-23 04:30:00,,,"OK, I just saw the new #LionKing &amp;  HOLY SHIT DID THEY DELIVER!!! Those graphics were unreal, or rather they were S‚Ä¶ https://t.co/bkb5w5VnJo",,23
scorpiofinestt,1153522614448676864,2019-07-23 04:29:57,,,Aye spaghetti w the macaroni noodles actually fire my grandma make it that way https://t.co/17ej822MjV,,15
edtorres19,1153522605963567104,2019-07-23 04:29:55,,,@DavidBegnaud clearly shows the fire was caused by the police https://t.co/y0YmBMdeYl,,11
TorontoJoe,1153522602733899776,2019-07-23 04:29:54,,,"@UBCAIMD The year is 2069, seeding complaints remain rampant and Battle of BC/GOML have been taken over by the alie‚Ä¶ https://t.co/1OPKaexRy1",,21
scottbuffon,1153522601370636289,2019-07-23 04:29:54,,,"ACREAGE UPDATE: We updated our article with info on the #MuseumFire acreage typo.

New fire team confirms burn acre‚Ä¶ https://t.co/NJn1coa3CQ",,20
JennieNielsen16,1153522582542405637,2019-07-23 04:29:49,,,"@RepMaxineWaters The impeachment question is all it'll ever be, a question. And if Rome is burning is because you a‚Ä¶ https://t.co/0TMp6oKVJ3",,21
TheReal_KDubb,1153522580718018561,2019-07-23 04:29:49,,,Police fire teargas to break up massive protests demanding Puerto Rico governor resign https://t.co/jwvVukFSdz #mustread #feedly,,16
Elliott_MicahP,1153522578264186880,2019-07-23 04:29:48,,,@moanalizaaa1 My wife gotta carry that fire üî´,,8
BrichibiTweets,1153522574896373760,2019-07-23 04:29:47,,,"Of course over time feelings happen, and of course the final ex is some Icy Hot BASTARD who can‚Äôt decide between fi‚Ä¶ https://t.co/XM78WGyi2Z",,23
athenavlogs,1153522572752850944,2019-07-23 04:29:47,,,HANNAH THAT DRESS IS FIRE #THEBACHELORETTE,,6
hasbleidy_,1153522571616370688,2019-07-23 04:29:47,,,"A gas canister THROWN BY POLICE shattered the window of a vehicle, causing it to start in flames. Many protestors a‚Ä¶ https://t.co/MAYc3KNAFg",,22
Tanya_Alves,1153522569078804481,2019-07-23 04:29:46,,,"Sources at the protest just told me the cops themselves threw teargas bombs to a car, causing the fire.

Fire is un‚Ä¶ https://t.co/unVdZoYSG1",,23
KurucZac,1153522562879676422,2019-07-23 04:29:45,,,@Subtronics Vault remix is just wayyyy too fucking fire üíÄüíÄüíÄ @Excision üôÖüèª‚Äç‚ôÇÔ∏èüëÅ,,12
araujoo07_,1153522561059360768,2019-07-23 04:29:44,,,Joyce me amassoubno cross fire ü§¨,,6
SportsOutliers,1153522551009603584,2019-07-23 04:29:42,,,@TanMart03 Spittin fire tonight. Nice. https://t.co/TEQLE037Hy,,6
PseudoTunes,1153522549902303232,2019-07-23 04:29:41,,,"@snaporegon @cody_da_man Yea which I fuck with lil Nas he makes good ass music, his album was fire. I just want to‚Ä¶ https://t.co/RVN6jG3TL7",,23
1WiserWoman,1153522546362310656,2019-07-23 04:29:41,,,Prayers needed for the brave souls involved on all levels of this fire in As. God bless everyone. üôèüôèüôèüôèüôèüôèüôèüôèüíïüíïüíïüíïüíïüíïüíïüíïüíïüíï https://t.co/3MWJqz6cIJ,,20
AVlRGO,1153522539483865089,2019-07-23 04:29:39,,,I‚Äôll slap fire out of all these hoes https://t.co/gYbzp97Uyz,,9
itslydiaendora,1153522530545786880,2019-07-23 04:29:37,,,I‚Äôm about to watch the episode when Dwight sets the office on fire(again) and cuts the face off that cpr doll. Top‚Ä¶ https://t.co/BTGb3tOrlN,,23
viralizeed,1153522529212014592,2019-07-23 04:29:37,,,Most #viral News Now: South Korean jets fire warning shots at Russian planes after airspace violation https://t.co/TqoeVHVSl9,,17
smichaelis234,1153522521087651842,2019-07-23 04:29:35,,,Here‚Äôs the thing about coaches. If you live in the moment with coaches you will find reasons to fire every single c‚Ä¶ https://t.co/dBK35zl7gN,,23
NSOMiBoyer,1153522510429708288,2019-07-23 04:29:32,,,I'm glad the Louisiana Police Officer who threated AOC has been fired. When is the US Border Patrol going to fire t‚Ä¶ https://t.co/b6q7Jftlib,,23
emeraldpistols,1153522495800172544,2019-07-23 04:29:29,,,"Hey üçí, if you're interested in
-Shingeki no kyojin
-Steins;gate
-Jojo's Bizarre Adventure
-Bleach
-HxH
-Bungou Stra‚Ä¶ https://t.co/zRUy7qvFN9",,18
realramsaysnow,1153522494852227072,2019-07-23 04:29:28,,,@JourneyswithD @IDEASOFICE_FIRE Thank you for engaging back civilized #civildiscussion #weareallhuman,,10
e1ais,1153522493044469760,2019-07-23 04:29:28,,,"Huge swathes of the Arctic on fire, satellite images show 

#climatechange

https://t.co/N5FE0BXDhh",,12
OdwaGxumisa,1153522486866325504,2019-07-23 04:29:26,,,@OdwaGxumisa #YMornings @kandiskardash @DJAnkletap  you guys are a whole new vibe. You are on fire! Abashwe https://t.co/Zlx01JPpSj,,17
Pray4TheBatman,1153522476044967936,2019-07-23 04:29:24,,,K. Now fire them. https://t.co/kw409DmkRO,,5
es_keren,1153522470718251008,2019-07-23 04:29:23,,,.@DavidBegnaud  here's how the fire started https://t.co/0Yg2vRdY8u,,7
Smvvth,1153522468881084416,2019-07-23 04:29:22,,,@doojackson10 That‚Äôs fire,,3
needpassport,1153522467794771968,2019-07-23 04:29:22,,,"üö®ATTENTION -------------------- ATTENTIONüö®

üî•-----------------------------------------------üî•‚Ä¶ https://t.co/iwipTNpw8P",,5
Killer_Draco,1153522460551254016,2019-07-23 04:29:20,,,"@artcorecoil IIRC it just breaks the freeze, they have to be actual ice monsters to be 1-shot by  fire. But it's be‚Ä¶ https://t.co/1GNDhJVrw5",,23
MORPHVIBE,1153522454054219777,2019-07-23 04:29:19,,,"we‚Äôre fire, that‚Äôs it",,4
akhihamad,1153522453525647361,2019-07-23 04:29:18,,,a ‚Å¶@rihanna‚Å© remix to this joint would be fire  https://t.co/mGd8WAPvTE,,10
MrJoshuaBowling,1153522447037034497,2019-07-23 04:29:17,,,Read this great dispatch to Flagstaff from @breeburkitt and @AndrewNicla who are up in the high country following r‚Ä¶ https://t.co/0iRFBnMVJ0,,20
robwhitfield39,1153522445699018754,2019-07-23 04:29:17,,,@CstBraithwaite As a group carry yourselves with less attitude then.  Sunglasses and a glare is what looks at me in‚Ä¶ https://t.co/OmR1JRRlq4,,21
BreeCimonee,1153522442201174016,2019-07-23 04:29:16,,,Fire sign season has returned. Hope this season is full of blessing for you all,,15
daddyshalsey,1153522436287225856,2019-07-23 04:29:14,,,MY TIMELINE MAKES ME WANT TO SET MY PHONE ON FIRE. ASSHOLES RUINING SHOWS.,,14
mrratbastardd,1153522434999537664,2019-07-23 04:29:14,,,soon our managers are going to realize how annoying allison and i are working together and fire us,,18
REAL_FAMOUS_,1153522427881762854,2019-07-23 04:29:12,,,My neighbor‚Äôs house caught on fire soooo my mom and I had to evacuate our house!,,16
Mzhooddiva34,1153522425746866179,2019-07-23 04:29:12,,,"I get hit by a randumb whyte chick wednesday, get arrested n held hostage thursday night til today, while locked up‚Ä¶ https://t.co/hD4AVEiIZE",,22
EA_sports62,1153522424572461056,2019-07-23 04:29:12,,,@cofiv24 &amp; Bissonnet Fire too.,,5
yarrambat,1153522420784828417,2019-07-23 04:29:11,,,"@Zvyozdochka @beezageeza A few years ago my Lenovo notebook had an *OEM* battery catch fire, for what it's worth.‚Ä¶ https://t.co/hu0uh4YYnP",,20
TrancewithEmma,1153522420256403457,2019-07-23 04:29:11,,,@d_fu66 and in court docs I can even request to maintain privacy and file under my entertainment name. But yeah it'‚Ä¶ https://t.co/QK5obJyHx6,,22
birbmeow,1153522417337155584,2019-07-23 04:29:10,,,I just got result 'Golden Deer' on quiz 'Fire Emblem Three Houses: House Decider'. What will you get? https://t.co/e9jNvCg5UK,,19
SearingHellFire,1153522415240142850,2019-07-23 04:29:09,,,"@HellKnightWrath When the realisation that he had left hit her, a soft growl rumbled through her throat. She knew s‚Ä¶ https://t.co/c9aBMvTkKY",,21
soonermagik,1153522413512142848,2019-07-23 04:29:09,,,@ESPNChiCubs If this is true that‚Äôs an auto fire of Joe after the game,,14
JaeAIK,1153522412425637889,2019-07-23 04:29:09,,,I can't believe you can hunt Man Bear Pig from southpark in Fire Emblem Three Houses. That's crazy. He was real the whole time.,,24
blakjordanbreen,1153522412107063296,2019-07-23 04:29:09,,,@ebonymystique @Ashymonger @petty_marshall @216Nez Do u speak this loudly when women hold men's feet to the fire or just come for men,,22
asreh1912,1153522409888190465,2019-07-23 04:29:08,,,@jackieaina As a fellow fire sign... https://t.co/QinYq0ZQ4w,,7
fffffff1337,1153522409548537857,2019-07-23 04:29:08,,,garbage fire,,2
fubar001,1153522403739426816,2019-07-23 04:29:07,,,@WalshFreedom Like drinking from a fire hose!,,7
ajreinhart,1153522399591223296,2019-07-23 04:29:06,,,New life springs from the bush not long after fire swept through Girraween National Park in Queensland's Granite Be‚Ä¶ https://t.co/kf7g5W8LmG,,20
dwass34,1153522394449027072,2019-07-23 04:29:04,,"Place(_api=<tweepy.api.API object at 0x000002C01AF33C18>, id='222efb7ee8b98c58', url='https://api.twitter.com/1.1/geo/id/222efb7ee8b98c58.json', place_type='city', name='Elmhurst', full_name='Elmhurst, IL', country_code='US', country='United States', contained_within=[], bounding_box=BoundingBox(_api=<tweepy.api.API object at 0x000002C01AF33C18>, type='Polygon', coordinates=[[[-87.9691933, 41.8477693], [-87.915373, 41.8477693], [-87.915373, 41.9316796], [-87.9691933, 41.9316796]]]), attributes={})",@cubsfan2033 @ESPNChiCubs Fire that clown now.,,6
2010DavidBowman,1153522389537427458,2019-07-23 04:29:03,,,@POTUSPressPool @juliemason @rodell The Fire Department is not an example of socialism. People dont seem to know what socialism is...,,20
MGabe84,1153522388417466370,2019-07-23 04:29:03,,"Place(_api=<tweepy.api.API object at 0x000002C01AF33C18>, id='01c060cf466c6ce3', url='https://api.twitter.com/1.1/geo/id/01c060cf466c6ce3.json', place_type='city', name='Long Beach', full_name='Long Beach, CA', country_code='US', country='United States', contained_within=[], bounding_box=BoundingBox(_api=<tweepy.api.API object at 0x000002C01AF33C18>, type='Polygon', coordinates=[[[-118.250227, 33.732905], [-118.0631938, 33.732905], [-118.0631938, 33.885438], [-118.250227, 33.885438]]]), attributes={})",Only negative part is @sxeton being a lame ass and not drink with me.. the kicking our asses out to then eventually‚Ä¶ https://t.co/JsplwkWbZN,,23
pdxfirelog,1153522384256638976,2019-07-23 04:29:02,"{'type': 'Point', 'coordinates': [-122.599364, 45.461627]}","Place(_api=<tweepy.api.API object at 0x000002C01AF33C18>, id='ac88a4f17a51c7fc', url='https://api.twitter.com/1.1/geo/id/ac88a4f17a51c7fc.json', place_type='city', name='Portland', full_name='Portland, OR', country_code='US', country='United States', contained_within=[], bounding_box=BoundingBox(_api=<tweepy.api.API object at 0x000002C01AF33C18>, type='Polygon', coordinates=[[[-122.7900653, 45.421863], [-122.471751, 45.421863], [-122.471751, 45.6509405], [-122.7900653, 45.6509405]]]), attributes={})","SMOKES - SMOKE INVESTIGATION INSIDE A STRUCTURE at 6200 BLOCK OF SE CLATSOP ST, PORTLAND, OR [Portland Fire #RP19000062501] 21:12 #pdx911","{'type': 'Point', 'coordinates': [45.461627, -122.599364]}",21
Phedilson_A,1153522376392548352,2019-07-23 04:29:00,,,"Straight Outta Moz...
Fire üòÖüî•üëå https://t.co/xJPagZDLLn",,6
shodaipuro2,1153522371350933504,2019-07-23 04:28:59,,,"#„Å∑„ÇçEnglish
‚óÜ#‰ªäÊó•„ÅÆËã±ÂçòË™û :2019/07/23
‚óÜ‚ò™Ô∏è‚ú¥Ô∏èalight
‚Äã‚óáburning:
‚ñ∂Ô∏éI had to use a bit of petrol to get the fire alight.
‚ñ∂Ô∏éThe‚Ä¶ https://t.co/4IR1ninEfG",,20
Nazaira_2,1153522363805458432,2019-07-23 04:28:57,,,he said i wish i never even told you pull up ü§¶üèΩ‚Äç‚ôÄÔ∏è i know those not the next lyrics that‚Äôs just fire üò≠ https://t.co/igJ5GJcvpQ,,24
FructoseNo,1153522357102792710,2019-07-23 04:28:55,,,"#innocentcows under fire but supporters calling the anti-meat crew out. ¬†
""the way greenhouse gases are measured an‚Ä¶ https://t.co/Nb20V7hmrE",,18
NavaratnamSonny,1153522349666209792,2019-07-23 04:28:54,,,@realDonaldTrump is a cowardly bully who has to rely on his superior fire power to win..,,16
lukeylux,1153522348865150978,2019-07-23 04:28:54,,,@MikeCatSU This is me for Fire or Black Canary from Justice League Unlimited,,13
WIAMRadio,1153522347699310592,2019-07-23 04:28:53,,,Now playing: Start A Fire by Unspoken,,7
corrinaishii,1153522345144987648,2019-07-23 04:28:53,,,@SharklySnipes That‚Äôs fire üò©,,4
profmalavet,1153522342745780225,2019-07-23 04:28:52,,"Place(_api=<tweepy.api.API object at 0x000002C01AF33C18>, id='4ec01c9dbc693497', url='https://api.twitter.com/1.1/geo/id/4ec01c9dbc693497.json', place_type='admin', name='Florida', full_name='Florida, USA', country_code='US', country='United States', contained_within=[], bounding_box=BoundingBox(_api=<tweepy.api.API object at 0x000002C01AF33C18>, type='Polygon', coordinates=[[[-87.634643, 24.396308], [-79.974307, 24.396308], [-79.974307, 31.001056], [-87.634643, 31.001056]]]), attributes={})","A burning car fire was put out by firefighters.

Protesters immediately told reporter, on camera, that a police tea‚Ä¶ https://t.co/8DEBKp9aoT",,20
chaity85,1153522338778013697,2019-07-23 04:28:51,,"Place(_api=<tweepy.api.API object at 0x000002C01AF33C18>, id='001907e868d06e24', url='https://api.twitter.com/1.1/geo/id/001907e868d06e24.json', place_type='admin', name='Dubai', full_name='Dubai, United Arab Emirates', country_code='AE', country='United Arab Emirates', contained_within=[], bounding_box=BoundingBox(_api=<tweepy.api.API object at 0x000002C01AF33C18>, type='Polygon', coordinates=[[[54.8939725, 24.6182526], [56.2083722, 24.6182526], [56.2083722, 25.3686719], [54.8939725, 25.3686719]]]), attributes={})","#Kashmir  is much more bigger issue for #India than what #Taiwan &amp; #HongKong is for #China , @POTUS should not play‚Ä¶ https://t.co/PfBTko9Frk",,22
HedgeBz,1153522325721145345,2019-07-23 04:28:48,,,"Volvo recalls 70,000 cars in the UK over fire risk https://t.co/DcMa8WLOYH #worldnews",,12
oaksupreme_,1153522311611465728,2019-07-23 04:28:45,,,By 22 this kid will be on fire. https://t.co/HzDORxkGjN,,9
lukester588,1153522301180116993,2019-07-23 04:28:42,,,"@shortvolumes $UUUU / $EFR shorts, from these price levels? Better watch it like a hawk the next month or two. Else‚Ä¶ https://t.co/a33wktOrDV",,22
MuseZack,1153522296453156865,2019-07-23 04:28:41,,,@DanChiu4 Denzel tends to do more mainstream films than Leo but I love how he brings his 25-28 million dollar openi‚Ä¶ https://t.co/k847HUty9V,,22
AlmightyMar_,1153522293085224960,2019-07-23 04:28:40,,,@OGGG_Jayy Don‚Äôt even cap like fire and desire ain‚Äôt hit üßê,,11
bellaabrookss,1153522284637802496,2019-07-23 04:28:38,,,@katelyne_annn i‚Äôm a fire sign what can i say,,9
cubsfan2033,1153522283824275456,2019-07-23 04:28:38,,,@ESPNChiCubs Absolutely ridiculous.... Theo needs to fire this clown....,,9
TimesFreePress,1153522270482157568,2019-07-23 04:28:35,,,"Ben Rebne started the 2019 Chattanooga Choo Choo Invitational golf tournament Monday on his home course, Council Fi‚Ä¶ https://t.co/S8ySHPVGkJ",,19
_fauxcus,1153522267600695296,2019-07-23 04:28:34,,,On everything ima be in the pool yellin young Keisha on fire y‚Äôall better beleeee dat üó£üòÇ @_MyVisions,,18
JLJR,1153522262487830528,2019-07-23 04:28:33,,,@gocubsgo321 @ESPNChiCubs Yeah but saying to fire Joe is ridiculous. Let‚Äôs say he would‚Äôve put in Kintzler and he w‚Ä¶ https://t.co/okwOxKhifj,,21
Crlho_Jota,1153522260545802241,2019-07-23 04:28:32,,,@Regueeiro03 Vem fre fire,,4
celeste43_,1153522260478746624,2019-07-23 04:28:32,,,@ESPNChiCubs Fire joe,,3
valsmars,1153522258763272192,2019-07-23 04:28:32,,,@josedeynes @DavidBegnaud Tear gas thrown by the police caused the fire,,11
truemenotme,1153522255835668480,2019-07-23 04:28:31,,,@ISO50 @AppleMusic @MomAndPopMusic @ninjatune That minecraft fire tho,,8
test5f1798,1153522255722213376,2019-07-23 04:28:31,,,https://t.co/MyXYbYDxme : 734b05d2-324e-4547-a320-779c495b3cb0,,3
ullnevanohiphop,1153522244536193024,2019-07-23 04:28:29,,,The Conway x eminem record is fire,,7
surshot13,1153522243626045440,2019-07-23 04:28:28,,,@ThemeParker104 I like the nba....or I did before my Thunder went on a fire sale. But when I go to Disney I have no‚Ä¶ https://t.co/k1yaADmk1a,,25
HLocksDKicks,1153522236319588352,2019-07-23 04:28:27,,,"If you watch our Fire Promoter series, I have a question:

If I stopped zooming in &amp; out during the matches, would‚Ä¶ https://t.co/I2wBc5AClx",,23
jeongguklq,1153522233081520128,2019-07-23 04:28:26,,,@jimnsluv i hear fire omg,,5
funsizestace,1153522231399501824,2019-07-23 04:28:26,,,I finally got new batteries for my fire stick remote. My life is changed.,,14
Jsizzle996,1153522229822525440,2019-07-23 04:28:25,,,I‚Äôm gonna fire my leasing office the fuck up in the morning...,,12
dwass34,1153522228404924416,2019-07-23 04:28:25,,"Place(_api=<tweepy.api.API object at 0x000002C01AF33C18>, id='222efb7ee8b98c58', url='https://api.twitter.com/1.1/geo/id/222efb7ee8b98c58.json', place_type='city', name='Elmhurst', full_name='Elmhurst, IL', country_code='US', country='United States', contained_within=[], bounding_box=BoundingBox(_api=<tweepy.api.API object at 0x000002C01AF33C18>, type='Polygon', coordinates=[[[-87.9691933, 41.8477693], [-87.915373, 41.8477693], [-87.915373, 41.9316796], [-87.9691933, 41.9316796]]]), attributes={})","@ESPNChiCubs Stop with the lob ball questions Jesse, why Strop?  This team should have a 10 game lead. Theo knows,‚Ä¶ https://t.co/DipD7SGQo4",,21
Hiram_Martinez,1153522227951935488,2019-07-23 04:28:25,,,@DavidBegnaud Looks like when the police launched tear gas it fell into a car and that caused the fire #RickyRenuncia,,20
missdesaster,1153522225888321536,2019-07-23 04:28:24,,,i wanna set myself on fire https://t.co/qGfS9Y26fq,,7
FullMetalYoukai,1153522225368186885,2019-07-23 04:28:24,,,"I find it very impressive that, in an unprecedented turn of events, for the past few weeks the Fire Emblem communit‚Ä¶ https://t.co/Pw9ZfKA5vt",,22
artcorecoil,1153522223023607813,2019-07-23 04:28:24,,,@Killer_Draco UHHH like most ice &gt; fire combo,,8
eNCA,1153522220888723458,2019-07-23 04:28:23,,,"Millions spent on Estina farm equipment, Zondo Commission hears https://t.co/x8Lb0vlQxo",,10
SpotlessMindSIU,1153522218598637568,2019-07-23 04:28:22,,,Pretty good! I need to catch up on more Ingrid Bergman because that last act is absolute fire! https://t.co/gTHBtUtx7o,,19
namenotimportnt,1153522199329832961,2019-07-23 04:28:18,,,"Some niggas get lost in the fire, some niggas built from it",,12
brumbyoz,1153522196590895105,2019-07-23 04:28:17,,,An Indian man set himself on fire because he didn't get to live in Australia. Also Australia has never spent on a rocket to moon.,,25
lwtfeast,1153522196175867904,2019-07-23 04:28:17,,,"DIANA 
LET ME BE THE ONE TO
LIGHT A FIRE INSIDE THOSE EYES https://t.co/gTSnwzgLYr",,14
duckqueen112873,1153522195810983936,2019-07-23 04:28:17,,,"I AM DIVINE ETHER....I AM DIVINE CONSCIOUSNESS, FIRST BEFORE THE FIRE AND THE EARTH....IT CAN BE SEEN, MY WILL, THR‚Ä¶ https://t.co/IzlQCcqsaJ",,21
Bygoned,1153522188642856960,2019-07-23 04:28:15,,,@PublicProtector I think ü§î she should go and fire üî• all her advisers including the Person who run Twitter Account.,,20
SportsChatt,1153522185438420992,2019-07-23 04:28:15,,,"Ben Rebne started the 2019 Chattanooga Choo Choo Invitational golf tournament Monday on his home course, Council Fi‚Ä¶ https://t.co/LYTC0AKtmL",,19
gochaita,1153522182103982080,2019-07-23 04:28:14,,,@needacoin wire. mad men. boardwalk empire. halt and catch fire.,,10
dvamons,1153522179277033472,2019-07-23 04:28:13,,,I just got result 'Black Eagles' on quiz 'Fire Emblem Three Houses: House Decider'. What will you get? https://t.co/4Zcf4rABf8,,19
JessyMichele,1153522176760393729,2019-07-23 04:28:13,,,Grateful for the first responders quick work towards containing this fire in Napa tonight. https://t.co/g991zTYJ9j,,15
saoirsegobragh,1153522175707533312,2019-07-23 04:28:12,,,"@Nick_brown2056 @iansmadrig @NBCNews Yeah, ‚Äúlol‚Äù at the idea of murdering millions with nuclear fire. üòë",,15
KJanton,1153522165268041730,2019-07-23 04:28:10,,,@AveDeFuego29 @TrumpetGuapo And Fire‚Äôs fan base has been in decline for years and it will continue to be awful for‚Ä¶ https://t.co/YLmflsge3K,,21
Ibutcher5,1153522164240400384,2019-07-23 04:28:10,,,"@KaisarDragon @Jojeification @Rockprincess818 @realDonaldTrump @foxandfriends Guess what , jackass not the same thi‚Ä¶ https://t.co/Cv260Y3mDK",,14
AndyVermaut,1153522160641593344,2019-07-23 04:28:09,,,South Korean jets fire 'warning shots' at Russians https://t.co/BZAw0MIAXh https://t.co/JuahzfIQZK,,10
Chorchilastic,1153522157487644677,2019-07-23 04:28:08,,,You got the fire in your soul,,7
MissParisi_,1153522156224991232,2019-07-23 04:28:08,,,Kill it with fire https://t.co/VlWGSsSH3p,,5
scsuhockey10,1153522156203999233,2019-07-23 04:28:08,,,@tennesseejc Worst part is the slime bucket Cantu won money he‚Äôs for sure in my top 5 poker players I hope gets aid‚Ä¶ https://t.co/OsagwT4ccQ,,24
Winners786,1153522154085875712,2019-07-23 04:28:07,,,"@AlexSavidgeKTVU @HeatherKTVU @KTVU Brush fire in wine County #Napa , I remind me of  last year's disasters",,17
RGC_BPPA,1153522152366333952,2019-07-23 04:28:07,,,"I guess they would rather that Sanders simply fire everyone and hire a whole new staff at less than minimum wage, o‚Ä¶ https://t.co/gxyAEjC3hI",,23
TomLackey36,1153522149409169408,2019-07-23 04:28:06,,,Santa Clarita Remembers The Sand Fire Three Years Later https://t.co/UsZs0sEeiw via @KHTSRadio,,12
kaywickertweets,1153522137937956864,2019-07-23 04:28:03,,,"@ExtravaStanza I knew it was fire, that makes sense for you.",,11
boma23,1153522134251122689,2019-07-23 04:28:02,,,We should fire Joe Maddon for using his 8th inning guy. I‚Äôve seen it all now https://t.co/2wdx74Dux0,,17
10969_oor_bot,1153522117557702656,2019-07-23 04:27:58,,,"Spitting gas on the fire
That's burning this town
Pieces really conspire
We shut'em all down

„ÄêSuddenly„Äë",,17
JohnFlynn97,1153522113829134336,2019-07-23 04:27:57,,,Actual serious thought. Jeff Fisher could coach the Giants next year if they fire Pat Shurmur. Yikes.,,17
groovescapes,1153522112151326720,2019-07-23 04:27:57,,,@EliotRahal a few weeks ago i played 'fire lake' on repeat for an afternoon,,14
_MAIYAonfire,1153522104882651137,2019-07-23 04:27:55,,,I have a fire headache!!! ü•¥,,6
nightmarenasty,1153522094942117893,2019-07-23 04:27:53,,,shangri-la is a fire show,,5
Kroissant4,1153522092043898880,2019-07-23 04:27:52,,,72 HOURS = 3 DAYS LEFT UNTIL FIRE EMBLEM THREE HOUSES IS HERE. WE CAN DO IT!! ALMOST THERE TO THE FINISH LINE!! https://t.co/VthKCfgppu,,24
Camz99,1153522088956899328,2019-07-23 04:27:52,,,South Korean jets fire warning shots at Russian planes after airspace violation https://t.co/iJt8UN8Hv7,,13
ANGELlDROID,1153522084695412737,2019-07-23 04:27:51,,,"@SilkSpitter a showoff, indeed ! she ends up shooting the spider a glare while gripping her throat. her eyes roll i‚Ä¶ https://t.co/ee7hMJMARB",,22
SupportingLord,1153522084464738304,2019-07-23 04:27:50,,,@GrimlealDaddy You know very well no one is handing the Fire Emblem over to you. Let‚Äôs work something else out.,,20
makemetime,1153522082724102144,2019-07-23 04:27:50,,,@SlanderOfficial @shadient @Excision @spacelaces Fire,,5
MrDusty1,1153522078844194816,2019-07-23 04:27:49,,,"So nevada just decided to save up all of fire season and drop it on us in 1 night? Let's go. I got @Skittles,‚Ä¶ https://t.co/HMroOUr8d5",,25
josephcarter235,1153522078517202944,2019-07-23 04:27:49,,,Need To Finish That Mixtape? @machebeats Got Them Fire #Beats For You! https://t.co/bXglcfoKbn #Hiphopbeats #Ineedbeats,,15
merribright,1153522074301935616,2019-07-23 04:27:48,,,"Museum Fire near Flagstaff grows to 1,800 acres after evacuations ordered https://t.co/c8zPApBIkP",,12
LadyAnnatar,1153522068790661120,2019-07-23 04:27:47,,,Mairon: *his eyes flash with the internal fire of his spirit at this news* /That/ is verily a most vile affront. *w‚Ä¶ https://t.co/tEY484Cs53,,23
Two_Stacks,1153522065250619394,2019-07-23 04:27:46,,,@ImSoDallas @SK4NO That shit IS a fire turn tho.,,9
artcorecoil,1153522065162559488,2019-07-23 04:27:46,,,"@Killer_Draco fire... cook the food and keep u warm. it's valid, 

WELL not that its necessary but for most times i‚Ä¶ https://t.co/RooO36LtbU",,22
dddddansnyder,1153522058359431168,2019-07-23 04:27:44,,,"@ConEdison My block is still dark in Clinton Hill from an underground electrical fire, obviously due to an aging an‚Ä¶ https://t.co/O1gZlEhube",,21
BeBraveBeHumb16,1153522051367538694,2019-07-23 04:27:43,,,Fire !? #MGMAVOTE #EXO @weareoneEXO,,5
subhayogamhyd,1153522050293649409,2019-07-23 04:27:42,,,"Predicting or foretelling is totally dependent on the four elements of astrology FIRE, EARTH, AIR, and WATER since‚Ä¶ https://t.co/uoaVGBDK6J",,19
GHXSTWES,1153522048855171072,2019-07-23 04:27:42,,,The fits I‚Äôd get off in these... y‚Äôall know yellow look fire on me too https://t.co/bFKF0CDYmN,,16
murffyslurtz,1153522037563908096,2019-07-23 04:27:39,,,@CeeWonX Lighting the world on fire with friendship https://t.co/KkUuQslMO4,,9
KeonJsteele,1153522020577161217,2019-07-23 04:27:35,,"Place(_api=<tweepy.api.API object at 0x000002C01AF33C18>, id='8173485c72e78ca5', url='https://api.twitter.com/1.1/geo/id/8173485c72e78ca5.json', place_type='city', name='Atlanta', full_name='Atlanta, GA', country_code='US', country='United States', contained_within=[], bounding_box=BoundingBox(_api=<tweepy.api.API object at 0x000002C01AF33C18>, type='Polygon', coordinates=[[[-84.576827, 33.6475029], [-84.289385, 33.6475029], [-84.289385, 33.8868859], [-84.576827, 33.8868859]]]), attributes={})","While Stephanie and Audrina are going back and forth, Justin is actually talking about their friend who could die i‚Ä¶ https://t.co/WPXjWlTLxC",,21
nypost,1153522011257413633,2019-07-23 04:27:33,,,Police fire tear gas at protesters calling for PR governor to resign https://t.co/2P6zGBpPUU https://t.co/9AWAPiTI96,,14
mkaylanelson,1153522010443698176,2019-07-23 04:27:33,,,I can‚Äôt choreograph for shit but Austin really needs a fire heels class,,13
Masood_RulezB,1153522010376589312,2019-07-23 04:27:33,,,@imrahul_03 @LycaProductions October fire,,4
LlamasNathaniel,1153522010279968769,2019-07-23 04:27:33,,,You just don‚Äôt give a fuck about Bay Area do you? This line up is stupid fire https://t.co/YVNPRTOx0B,,18
